"sequence_length","label"
438371,1
212693,0
150537,1
119138,0
115299,1
112119,0
93517,0
90529,0
88994,0
87408,0
86894,0
80268,0
78229,0
75378,0
75351,0
72704,0
71479,0
70610,0
68550,0
67924,0
66976,0
65394,0
65187,0
64639,1
63950,0
63071,0
62772,0
61812,0
59713,0
59711,0
59600,0
59409,0
57366,0
57342,0
55200,0
54178,0
53141,0
53101,1
52266,0
51629,0
51570,0
51518,0
51439,0
50575,0
49925,0
49611,0
49126,0
48263,0
47852,0
47475,0
46722,0
46530,0
46010,0
45880,0
45786,0
45497,0
45367,0
45355,0
45340,0
44871,1
44048,0
44014,0
43857,0
43767,0
43115,0
43072,1
42665,0
42434,0
41373,0
41002,0
40844,0
40727,0
40691,0
40012,0
39825,0
39742,0
39609,0
39447,0
39079,0
38657,0
38466,0
38344,0
37677,0
37523,0
37380,0
36891,0
36451,0
36343,0
36305,0
36096,0
35312,0
35173,0
34833,0
34719,0
34588,0
34530,0
34371,0
34261,0
34142,0
34116,1
33907,1
33821,0
33803,1
33735,1
33639,0
33539,0
33436,1
33413,0
33320,0
33193,0
32929,0
32808,0
32736,0
32630,0
32372,0
32351,0
32330,0
32129,0
32093,0
31776,0
31660,0
31594,0
31567,0
31540,0
31538,0
31510,0
31353,0
31292,0
31235,0
31221,0
31130,0
31031,0
31024,0
30964,0
30935,0
30842,0
30822,0
30793,0
30649,0
30557,0
30553,0
30451,0
30447,0
30374,0
30334,0
30113,0
30078,0
30033,0
29990,0
29883,0
29868,0
29814,0
29725,0
29673,0
29641,0
29395,0
29377,0
29209,0
29179,0
29160,0
28949,0
28836,0
28782,0
28694,0
28680,0
28643,0
28640,0
28619,0
28563,1
28563,0
28522,1
28515,0
28513,0
28406,1
28323,0
28270,0
28185,0
28117,0
28115,0
28105,0
28066,0
28060,0
27970,0
27745,0
27660,0
27610,0
27536,0
27524,0
27461,0
27391,0
27331,1
27278,0
27184,0
27171,0
27121,0
27100,0
27044,0
27009,0
26897,0
26832,0
26695,0
26647,0
26553,0
26553,0
26468,0
26322,0
26252,0
26170,0
26165,0
26041,0
26040,0
25976,0
25918,0
25881,0
25828,0
25811,0
25803,0
25436,0
25382,0
25378,0
25318,0
25318,0
25288,0
25237,0
25146,1
25048,0
25048,0
25026,0
25006,0
25006,0
24990,0
24892,0
24786,0
24777,0
24710,0
24615,0
24614,1
24498,0
24471,1
24465,0
24463,0
24422,0
24387,0
24320,0
24276,0
24170,0
24043,0
24029,0
24026,0
23973,0
23965,0
23956,0
23789,0
23758,1
23732,0
23687,0
23679,0
23630,0
23577,0
23465,1
23462,0
23457,0
23390,0
23376,0
23358,0
23232,1
23216,0
23189,1
23144,1
23126,0
23079,0
23055,0
23034,0
22975,0
22974,0
22913,0
22896,0
22858,0
22845,0
22840,0
22839,1
22829,0
22792,0
22772,0
22706,0
22700,0
22676,0
22642,0
22637,0
22585,0
22560,0
22550,0
22540,0
22481,0
22464,0
22445,1
22408,0
22363,0
22352,0
22311,0
22250,0
22211,0
22203,0
22185,0
22179,0
22145,0
22127,0
22048,0
22048,0
21929,0
21907,0
21902,0
21896,0
21866,1
21848,0
21838,0
21763,0
21720,0
21697,0
21688,0
21682,0
21636,0
21590,0
21516,0
21504,0
21493,0
21414,0
21384,1
21383,0
21380,0
21356,0
21344,1
21333,0
21326,0
21309,0
21269,0
21247,0
21166,0
21132,0
21126,1
21099,0
21080,0
21038,0
20986,0
20954,0
20877,0
20876,1
20870,0
20847,0
20837,0
20792,0
20732,0
20678,0
20676,0
20635,0
20608,0
20589,0
20588,0
20526,0
20471,0
20470,1
20464,0
20446,0
20414,0
20387,0
20373,0
20249,0
20243,0
20201,0
20169,0
20153,0
20139,0
20137,0
20127,0
20119,0
20113,0
20089,0
20082,0
20067,0
19977,0
19945,0
19940,0
19924,0
19914,0
19888,1
19869,0
19866,0
19840,0
19837,0
19817,0
19805,0
19805,0
19775,0
19770,0
19767,1
19760,0
19749,0
19736,0
19709,0
19705,0
19696,0
19655,0
19594,0
19580,0
19487,0
19429,0
19394,0
19375,0
19349,0
19324,0
19305,0
19300,0
19289,0
19267,0
19196,0
19162,0
19150,0
19146,0
19126,0
19121,0
19117,0
19090,0
19077,0
18995,0
18990,1
18987,0
18943,0
18943,0
18919,0
18906,0
18883,0
18850,0
18837,0
18824,0
18739,0
18719,0
18710,0
18709,0
18689,0
18672,1
18671,0
18665,0
18630,1
18630,0
18576,0
18562,0
18538,0
18479,0
18441,1
18438,0
18424,0
18346,0
18314,0
18301,0
18292,0
18249,0
18244,0
18188,0
18175,0
18140,0
18131,0
18128,0
18103,0
18071,0
18047,0
18036,0
17993,0
17925,0
17886,0
17876,0
17869,0
17831,0
17824,0
17801,0
17770,0
17768,0
17765,0
17745,0
17736,0
17722,0
17711,0
17704,0
17650,0
17551,0
17550,0
17514,0
17499,0
17467,0
17428,0
17397,0
17382,0
17364,1
17360,1
17356,0
17351,0
17347,0
17315,0
17300,0
17292,0
17286,1
17261,0
17257,0
17243,0
17236,0
17231,0
17231,0
17189,0
17175,0
17134,0
17124,0
17115,0
17071,0
17049,0
16999,0
16942,0
16919,0
16913,0
16908,0
16904,0
16888,0
16872,0
16807,0
16806,0
16798,0
16792,1
16764,0
16758,0
16745,0
16672,0
16670,0
16660,0
16649,0
16623,0
16623,0
16620,1
16610,0
16608,0
16586,0
16583,0
16572,0
16516,0
16515,0
16511,0
16507,0
16505,0
16501,1
16456,0
16379,0
16364,0
16361,0
16322,0
16278,0
16275,0
16267,0
16249,0
16237,0
16232,1
16208,0
16192,0
16184,0
16180,0
16153,0
16103,0
16093,0
16059,0
16052,0
16034,0
16030,0
16023,0
16014,0
16012,0
16009,0
15996,0
15965,0
15956,0
15947,0
15943,0
15921,0
15902,0
15889,0
15884,0
15871,0
15863,0
15847,0
15833,0
15811,0
15802,0
15754,1
15730,0
15711,0
15711,0
15686,0
15671,0
15648,0
15629,0
15605,0
15583,0
15575,0
15559,1
15551,1
15546,0
15542,1
15521,0
15498,0
15491,0
15486,0
15472,0
15458,0
15416,0
15415,0
15409,0
15407,0
15388,0
15369,0
15367,0
15325,0
15313,0
15305,0
15302,0
15296,0
15288,0
15277,0
15265,1
15264,0
15243,0
15214,1
15200,0
15190,0
15185,0
15171,0
15138,0
15134,0
15123,0
15121,0
15113,0
15106,1
15102,0
15094,0
15062,0
15048,0
15045,0
15037,1
15035,0
15016,0
15000,1
14989,0
14959,0
14930,0
14921,0
14905,0
14904,1
14887,0
14883,0
14874,0
14858,0
14857,0
14790,0
14786,0
14786,0
14776,0
14771,0
14768,0
14763,0
14749,0
14723,0
14717,0
14681,0
14678,0
14672,0
14649,0
14649,0
14631,0
14625,0
14625,0
14607,0
14603,0
14592,0
14589,0
14584,0
14565,0
14549,0
14527,0
14524,0
14519,0
14512,1
14500,0
14483,0
14482,0
14475,0
14473,0
14431,0
14430,0
14430,0
14414,0
14389,0
14385,0
14380,1
14378,0
14334,0
14332,0
14303,0
14293,0
14257,0
14238,0
14182,0
14174,0
14171,0
14166,1
14157,0
14143,0
14112,0
14110,0
14109,1
14104,0
14091,0
14072,0
14029,0
14007,0
14007,0
13999,0
13999,0
13969,1
13968,0
13957,1
13956,0
13952,0
13940,0
13931,0
13925,0
13910,0
13885,0
13884,0
13874,0
13849,0
13833,0
13829,0
13815,0
13768,0
13764,0
13758,0
13736,0
13731,0
13730,0
13729,0
13709,1
13698,0
13695,0
13679,1
13638,0
13603,0
13581,0
13557,0
13554,0
13548,0
13548,0
13538,0
13525,0
13520,0
13441,0
13424,0
13398,0
13393,0
13374,0
13357,0
13351,0
13340,0
13340,0
13325,0
13318,0
13311,1
13298,0
13281,0
13275,0
13266,0
13263,0
13255,0
13253,1
13240,0
13238,0
13229,0
13196,0
13181,0
13167,0
13162,0
13150,0
13140,0
13139,0
13132,1
13130,1
13094,0
13090,0
13079,0
13075,0
13072,0
13068,0
13065,0
13054,0
13048,0
13047,0
13047,0
13026,0
13023,0
13021,0
13020,0
13015,0
13014,0
13011,0
13003,0
13002,0
12984,0
12968,0
12963,0
12962,0
12959,0
12950,0
12934,0
12929,0
12922,1
12912,0
12882,0
12859,0
12850,0
12840,0
12833,0
12828,0
12827,0
12826,0
12806,0
12799,0
12799,0
12798,0
12791,0
12783,0
12776,0
12775,0
12774,0
12756,0
12736,0
12730,0
12728,0
12699,0
12696,0
12691,0
12687,0
12682,0
12680,0
12678,0
12666,0
12650,1
12645,0
12628,0
12622,0
12617,0
12600,0
12594,1
12583,0
12572,0
12571,1
12563,0
12558,0
12546,0
12531,0
12529,0
12520,0
12516,0
12510,0
12495,0
12493,0
12476,0
12468,0
12465,0
12464,0
12458,0
12449,0
12446,0
12441,0
12438,0
12437,0
12431,0
12419,0
12408,0
12406,0
12392,0
12385,0
12379,0
12377,0
12376,0
12376,1
12375,0
12373,0
12349,0
12346,0
12345,0
12343,0
12334,0
12332,0
12309,1
12263,0
12252,0
12251,0
12249,0
12244,0
12222,0
12219,1
12213,0
12212,0
12199,0
12177,1
12148,0
12142,0
12138,0
12137,1
12134,0
12124,0
12112,0
12102,0
12092,0
12086,0
12076,0
12067,0
12062,0
12060,0
12047,0
12026,0
12022,0
12015,0
12015,0
12014,0
12013,0
11984,0
11981,0
11976,1
11950,0
11945,1
11942,0
11936,0
11932,0
11902,0
11899,0
11893,0
11878,0
11867,0
11864,0
11851,0
11850,0
11847,0
11829,0
11823,1
11810,0
11805,0
11804,1
11798,0
11797,0
11793,0
11783,0
11780,0
11776,0
11768,0
11739,0
11736,0
11732,1
11727,1
11723,0
11713,0
11705,0
11703,0
11696,0
11687,0
11670,0
11667,0
11643,1
11638,0
11633,0
11622,0
11599,0
11597,0
11594,1
11582,0
11582,0
11570,0
11567,0
11566,0
11530,0
11508,0
11506,0
11500,0
11486,0
11465,0
11465,0
11456,0
11445,0
11444,0
11442,0
11429,0
11422,0
11417,0
11417,0
11414,1
11411,0
11396,1
11385,0
11373,0
11367,0
11366,0
11363,0
11363,0
11349,0
11346,0
11323,0
11323,0
11299,0
11283,0
11283,0
11282,0
11277,0
11257,0
11245,0
11244,0
11242,1
11238,0
11224,0
11218,0
11214,0
11211,0
11211,0
11201,0
11200,0
11199,0
11189,0
11188,0
11183,0
11179,0
11174,0
11166,0
11147,0
11147,0
11147,0
11135,0
11116,0
11100,0
11088,0
11088,0
11086,0
11071,0
11070,0
11069,0
11067,0
11067,0
11058,0
11057,0
11054,0
11041,0
11035,1
11028,0
11014,0
11013,1
11012,0
11009,0
11006,0
10996,0
10995,0
10992,0
10986,0
10983,0
10979,0
10978,0
10975,0
10973,0
10961,0
10960,0
10927,0
10925,0
10903,0
10902,0
10886,0
10871,0
10863,0
10852,0
10841,0
10841,0
10841,1
10820,0
10819,0
10816,0
10813,0
10813,0
10810,1
10807,0
10806,1
10801,0
10799,0
10793,0
10791,0
10790,0
10790,0
10789,0
10775,0
10772,0
10771,0
10767,0
10747,0
10741,0
10736,0
10732,0
10720,0
10719,0
10713,0
10712,0
10698,1
10697,0
10696,0
10685,0
10679,0
10677,0
10671,0
10662,0
10659,0
10657,0
10654,0
10647,0
10645,1
10644,0
10643,0
10641,0
10640,0
10633,0
10631,0
10623,0
10619,0
10610,0
10603,0
10602,0
10591,0
10583,0
10581,0
10578,0
10576,0
10574,0
10572,0
10570,0
10563,0
10552,1
10551,0
10551,0
10543,0
10534,0
10528,0
10520,0
10519,0
10507,0
10499,0
10496,0
10487,0
10479,0
10477,0
10473,0
10471,0
10470,0
10462,0
10460,1
10457,0
10456,0
10441,0
10434,0
10433,0
10428,0
10428,0
10428,1
10423,0
10416,0
10408,0
10407,0
10394,0
10394,0
10378,1
10370,0
10369,0
10367,1
10365,0
10364,0
10363,0
10362,0
10354,0
10350,0
10338,0
10329,0
10327,0
10327,0
10325,0
10322,0
10316,0
10307,0
10290,0
10265,0
10264,0
10262,0
10262,0
10262,0
10259,1
10258,0
10255,0
10248,0
10245,0
10242,0
10230,0
10230,0
10229,0
10224,0
10219,0
10205,0
10202,0
10200,0
10196,0
10191,0
10191,0
10190,0
10189,0
10181,0
10177,0
10170,0
10168,0
10167,0
10155,0
10154,0
10153,0
10146,1
10138,0
10126,0
10124,0
10119,1
10116,0
10112,0
10096,0
10094,0
10094,1
10087,0
10084,0
10068,0
10066,0
10062,0
10058,1
10040,0
10034,0
10033,0
10032,0
10031,0
10029,0
10023,0
10005,1
9997,0
9992,0
9984,0
9978,1
9975,0
9968,0
9958,0
9952,0
9944,0
9941,0
9941,0
9936,0
9927,0
9914,1
9914,0
9912,0
9899,0
9899,0
9895,1
9882,0
9881,0
9880,0
9877,1
9851,0
9851,0
9842,0
9839,0
9836,0
9823,0
9821,0
9818,1
9805,0
9804,0
9802,0
9800,0
9793,0
9793,0
9788,0
9784,0
9782,0
9778,0
9771,0
9770,0
9768,0
9762,0
9746,1
9742,0
9737,0
9729,0
9724,1
9723,0
9704,0
9702,0
9696,0
9695,0
9687,0
9686,0
9680,0
9679,0
9674,0
9671,0
9666,0
9660,0
9658,0
9652,0
9650,0
9644,1
9644,0
9644,0
9640,0
9632,0
9627,0
9621,0
9607,1
9598,0
9591,1
9590,0
9580,0
9573,0
9564,1
9563,0
9559,1
9557,0
9550,0
9546,0
9545,0
9535,0
9530,0
9526,0
9526,0
9522,0
9520,0
9516,0
9515,0
9503,0
9503,1
9500,0
9497,0
9496,1
9493,0
9493,0
9492,0
9489,0
9486,0
9485,0
9483,0
9474,0
9467,0
9464,0
9464,0
9453,0
9452,0
9440,0
9439,1
9438,0
9437,0
9432,0
9431,0
9419,1
9418,0
9415,0
9408,0
9407,0
9400,0
9394,0
9394,0
9393,0
9391,0
9388,0
9378,1
9376,0
9374,0
9373,0
9373,0
9368,1
9354,0
9346,0
9346,0
9345,0
9345,0
9339,0
9330,0
9324,0
9324,0
9314,0
9298,0
9295,0
9292,0
9280,0
9267,0
9265,0
9263,0
9263,0
9259,0
9254,1
9240,0
9238,0
9235,0
9232,0
9216,0
9214,0
9214,0
9212,0
9209,0
9204,0
9203,0
9199,0
9195,0
9194,0
9193,0
9187,0
9187,0
9187,0
9181,0
9180,1
9177,0
9171,1
9158,1
9156,0
9154,0
9150,0
9150,1
9150,0
9141,1
9140,0
9136,0
9126,1
9119,0
9119,0
9118,0
9117,0
9112,0
9111,0
9109,0
9105,1
9102,0
9100,0
9099,0
9090,0
9083,0
9083,0
9078,0
9076,1
9069,0
9056,1
9053,0
9046,0
9045,0
9038,0
9027,0
9020,0
9019,0
9018,0
9018,0
9013,0
9010,0
9005,0
9003,0
9001,0
8998,0
8997,0
8989,0
8979,0
8974,0
8973,0
8972,0
8955,1
8951,0
8944,0
8943,0
8939,0
8936,0
8936,0
8930,0
8927,0
8926,0
8922,0
8913,0
8910,0
8910,0
8904,0
8903,0
8903,1
8896,0
8893,0
8893,0
8893,0
8881,0
8880,0
8875,0
8875,0
8875,0
8875,0
8873,0
8864,0
8862,0
8860,1
8850,0
8848,0
8847,0
8846,0
8845,0
8840,0
8837,0
8836,0
8836,0
8836,0
8834,0
8833,0
8826,0
8820,0
8817,1
8809,0
8790,0
8784,0
8774,1
8774,0
8771,0
8765,0
8762,0
8729,1
8727,0
8724,0
8708,0
8703,0
8698,0
8695,0
8688,0
8686,0
8683,0
8674,0
8670,0
8664,0
8647,0
8647,0
8639,0
8635,0
8628,0
8624,1
8618,1
8618,0
8614,0
8605,0
8604,0
8593,0
8592,0
8592,0
8588,0
8587,0
8551,0
8550,1
8549,0
8548,0
8545,0
8545,0
8544,0
8542,0
8532,0
8531,0
8522,0
8521,0
8515,0
8512,0
8512,1
8509,0
8496,0
8489,0
8487,0
8486,0
8482,0
8477,0
8468,0
8465,0
8465,0
8460,0
8459,0
8455,0
8454,0
8451,0
8451,0
8450,0
8436,0
8436,0
8434,0
8427,0
8426,0
8420,0
8418,0
8412,0
8404,0
8403,0
8401,0
8398,0
8398,0
8395,1
8389,0
8386,0
8386,0
8378,0
8378,1
8376,0
8375,0
8369,0
8369,0
8368,0
8368,0
8367,0
8362,0
8351,0
8350,1
8348,0
8347,0
8332,0
8329,0
8329,1
8326,0
8325,0
8324,0
8322,0
8321,0
8320,0
8313,0
8308,1
8308,0
8299,0
8295,0
8293,0
8288,0
8288,0
8287,0
8283,0
8280,0
8280,0
8280,0
8274,0
8263,0
8256,0
8253,0
8251,0
8251,0
8247,0
8243,0
8242,0
8241,1
8237,0
8236,0
8235,0
8235,0
8234,0
8229,0
8226,1
8226,0
8224,0
8221,0
8212,0
8205,0
8202,1
8199,1
8196,1
8189,0
8187,0
8186,0
8185,0
8176,0
8173,0
8167,0
8166,1
8162,0
8161,0
8156,0
8154,0
8148,0
8146,0
8145,0
8143,0
8136,0
8135,0
8133,1
8132,0
8132,0
8127,0
8120,0
8118,0
8114,1
8112,0
8111,0
8110,0
8107,0
8105,0
8105,0
8097,0
8097,0
8096,0
8094,0
8094,0
8084,0
8082,0
8082,0
8080,0
8077,0
8067,0
8064,0
8063,0
8062,0
8061,0
8055,0
8050,0
8048,0
8047,0
8038,0
8038,0
8038,0
8032,0
8027,0
8027,0
8021,0
8013,0
8010,0
8007,0
8002,0
8001,0
8000,1
7999,0
7997,0
7997,0
7996,0
7995,0
7991,0
7989,0
7989,0
7978,0
7975,0
7969,0
7969,0
7968,0
7967,0
7966,0
7966,0
7963,0
7963,0
7961,0
7961,0
7957,0
7956,0
7952,1
7950,0
7934,0
7929,0
7928,0
7922,0
7918,0
7916,0
7915,0
7912,0
7910,0
7905,0
7904,0
7900,0
7900,0
7899,0
7898,0
7897,0
7894,0
7887,0
7886,0
7878,0
7875,1
7875,0
7874,0
7871,1
7870,1
7869,0
7866,0
7865,0
7865,0
7864,0
7863,0
7861,0
7858,0
7853,0
7846,0
7846,0
7844,0
7829,0
7826,0
7826,0
7824,0
7820,0
7820,1
7813,0
7813,1
7811,0
7808,0
7805,0
7802,0
7800,0
7795,0
7793,0
7793,0
7792,0
7790,0
7788,0
7782,0
7777,1
7774,0
7773,0
7764,0
7764,0
7762,0
7761,0
7758,0
7758,0
7752,0
7751,1
7741,1
7735,0
7733,0
7724,1
7721,0
7716,0
7715,0
7714,1
7712,0
7709,0
7707,0
7703,0
7696,0
7695,0
7692,0
7689,0
7689,0
7686,0
7682,0
7682,0
7680,0
7679,0
7675,0
7673,0
7671,1
7667,0
7664,0
7658,0
7658,0
7655,1
7652,0
7646,0
7645,0
7645,0
7643,0
7639,0
7637,0
7637,1
7631,0
7627,0
7627,0
7626,0
7624,0
7623,0
7615,0
7613,0
7611,0
7609,0
7607,0
7606,0
7601,0
7599,0
7599,0
7598,0
7592,0
7591,0
7590,0
7590,0
7590,0
7587,0
7586,0
7584,0
7581,0
7579,0
7575,0
7574,0
7567,0
7566,0
7565,0
7557,1
7554,0
7551,0
7551,0
7547,0
7543,0
7532,0
7529,0
7528,0
7526,0
7519,0
7518,0
7515,0
7507,0
7506,1
7506,0
7502,0
7499,0
7496,0
7491,0
7490,1
7487,0
7486,0
7485,0
7483,0
7482,0
7479,0
7475,0
7475,0
7474,0
7469,0
7462,0
7459,1
7457,0
7453,0
7453,0
7453,1
7453,0
7449,0
7449,0
7448,0
7447,0
7444,0
7440,0
7432,0
7431,0
7429,1
7422,0
7421,0
7418,0
7414,0
7414,0
7408,0
7405,0
7405,0
7403,0
7399,0
7396,0
7392,0
7392,0
7390,0
7389,0
7386,0
7384,0
7384,0
7379,0
7377,0
7373,0
7370,0
7370,0
7370,0
7368,0
7367,0
7364,0
7363,0
7361,0
7361,0
7357,1
7355,0
7342,0
7340,0
7340,1
7336,1
7332,0
7332,0
7331,0
7328,0
7325,0
7318,0
7311,0
7304,0
7304,0
7301,0
7292,0
7292,0
7291,1
7290,0
7288,0
7283,0
7280,0
7279,0
7279,0
7271,1
7270,0
7267,1
7257,0
7253,0
7253,0
7246,0
7239,0
7238,0
7236,0
7224,1
7215,0
7213,0
7210,0
7209,0
7209,0
7202,0
7201,0
7200,0
7199,0
7199,0
7199,1
7198,0
7196,0
7194,0
7193,0
7188,0
7180,1
7171,0
7168,0
7157,0
7156,0
7155,0
7153,0
7153,0
7152,0
7150,0
7141,0
7140,0
7139,1
7138,0
7137,0
7134,0
7133,0
7132,0
7131,0
7130,0
7127,0
7125,0
7123,1
7123,0
7122,0
7121,0
7120,0
7118,0
7117,0
7113,0
7112,0
7106,0
7103,0
7101,0
7101,0
7098,0
7091,0
7088,0
7084,0
7083,0
7079,0
7078,0
7075,0
7073,0
7070,1
7064,0
7061,0
7059,0
7059,0
7057,1
7046,0
7043,0
7042,0
7041,0
7040,0
7039,0
7038,0
7030,0
7025,0
7023,0
7023,0
7019,0
7018,0
7017,1
7014,1
7014,0
7003,0
7002,1
7002,1
6998,0
6997,0
6996,0
6995,0
6995,0
6991,0
6989,0
6982,0
6982,0
6980,0
6980,0
6976,1
6976,0
6976,0
6973,0
6972,0
6971,0
6970,0
6970,0
6970,1
6968,0
6968,0
6964,0
6964,0
6963,0
6963,0
6960,0
6955,0
6952,0
6950,0
6945,0
6941,1
6941,0
6939,0
6933,0
6932,0
6932,0
6926,0
6923,1
6923,1
6923,0
6922,0
6919,0
6919,0
6918,1
6912,0
6911,0
6910,0
6908,0
6907,0
6906,0
6902,0
6900,0
6897,0
6896,0
6887,0
6886,0
6885,0
6882,0
6881,0
6879,0
6879,0
6878,0
6876,0
6873,0
6869,0
6868,0
6867,0
6865,0
6864,0
6862,0
6862,0
6858,1
6858,0
6858,0
6854,0
6851,0
6846,0
6845,0
6844,0
6844,0
6839,0
6839,0
6838,0
6837,0
6832,0
6829,0
6829,0
6827,0
6825,0
6822,0
6821,0
6813,0
6812,1
6802,1
6800,0
6797,1
6794,0
6782,0
6782,0
6778,0
6778,0
6774,0
6768,0
6766,0
6765,1
6762,0
6758,0
6758,0
6757,0
6754,1
6754,0
6752,0
6748,0
6744,0
6742,0
6741,0
6737,1
6737,0
6737,0
6734,0
6732,0
6729,0
6727,0
6718,0
6716,0
6714,0
6713,0
6712,0
6712,0
6709,1
6707,1
6704,0
6704,0
6702,0
6701,0
6701,0
6701,0
6696,0
6695,0
6692,0
6690,0
6680,0
6680,0
6679,0
6677,1
6672,0
6671,1
6666,0
6662,0
6658,0
6654,0
6653,0
6653,0
6651,0
6649,0
6649,0
6648,1
6646,0
6646,0
6645,0
6644,1
6643,0
6640,0
6639,0
6638,0
6637,0
6636,0
6633,0
6632,0
6630,0
6627,0
6625,1
6625,0
6624,0
6622,0
6622,0
6622,0
6621,0
6619,0
6619,0
6618,0
6616,0
6615,1
6615,0
6612,0
6611,1
6609,0
6607,0
6605,0
6604,0
6602,0
6599,0
6596,0
6595,0
6594,0
6589,1
6589,0
6588,0
6587,0
6586,1
6586,0
6586,0
6586,0
6585,0
6584,1
6584,1
6583,0
6583,0
6582,0
6581,0
6578,0
6577,0
6576,0
6573,0
6568,0
6568,0
6567,0
6565,0
6565,0
6564,0
6560,0
6560,0
6557,0
6557,0
6556,0
6555,0
6551,0
6550,0
6549,0
6548,0
6544,0
6542,0
6542,0
6542,0
6541,0
6540,1
6539,0
6538,0
6537,0
6534,0
6533,0
6533,0
6533,1
6529,0
6526,0
6526,0
6524,0
6524,0
6524,0
6522,0
6521,0
6520,1
6520,1
6519,0
6518,0
6517,1
6516,1
6513,0
6512,0
6512,0
6508,0
6507,1
6507,1
6506,0
6497,0
6490,0
6488,0
6486,0
6485,0
6480,0
6477,0
6475,0
6471,0
6469,0
6469,0
6466,0
6464,0
6464,0
6461,1
6459,0
6458,0
6450,0
6449,0
6449,0
6448,0
6447,0
6447,0
6444,0
6442,0
6441,0
6438,0
6437,0
6436,1
6436,1
6436,0
6435,1
6434,0
6431,0
6430,0
6428,0
6425,0
6425,0
6421,0
6421,0
6420,1
6419,1
6414,0
6413,0
6411,0
6410,1
6408,0
6406,1
6405,0
6403,0
6401,0
6398,0
6396,0
6393,0
6389,0
6387,0
6387,0
6386,0
6383,0
6382,1
6380,0
6380,0
6379,0
6377,0
6375,1
6374,0
6373,0
6367,0
6366,0
6365,0
6364,0
6363,0
6363,0
6361,0
6360,0
6360,1
6359,0
6357,0
6353,1
6353,1
6352,0
6351,0
6348,0
6346,0
6346,0
6344,0
6343,0
6342,1
6342,0
6340,0
6339,1
6336,0
6334,0
6332,0
6328,0
6324,0
6322,0
6321,0
6321,0
6321,1
6319,0
6318,0
6313,0
6313,0
6312,0
6310,1
6310,0
6310,0
6308,0
6303,0
6302,0
6302,0
6301,1
6299,1
6292,1
6289,0
6286,0
6284,0
6283,0
6281,0
6279,0
6270,0
6268,0
6267,0
6263,0
6263,0
6262,0
6258,0
6257,0
6257,0
6257,0
6255,0
6255,0
6253,0
6251,1
6251,1
6249,1
6248,0
6246,1
6245,0
6243,0
6243,0
6242,0
6241,0
6241,0
6236,0
6230,1
6228,0
6226,1
6220,0
6220,1
6219,0
6219,0
6217,0
6216,0
6216,0
6216,0
6214,1
6212,0
6211,0
6211,0
6210,0
6209,0
6209,0
6208,1
6208,0
6206,0
6204,0
6202,0
6201,1
6199,0
6197,0
6197,0
6196,0
6195,1
6194,0
6194,0
6193,0
6190,0
6190,0
6186,0
6184,0
6183,0
6183,1
6183,0
6181,1
6180,1
6177,1
6177,0
6173,0
6170,1
6170,1
6167,0
6166,1
6161,0
6158,0
6150,0
6150,1
6149,0
6147,0
6144,0
6143,1
6142,0
6141,0
6140,0
6138,0
6134,0
6134,0
6133,1
6132,0
6131,0
6128,0
6126,0
6124,0
6124,1
6123,0
6121,0
6116,0
6114,0
6114,0
6114,0
6110,0
6110,1
6108,0
6108,0
6108,0
6105,0
6104,0
6103,0
6101,0
6099,0
6096,0
6092,0
6091,0
6090,0
6089,0
6086,0
6084,0
6080,0
6079,0
6078,0
6077,0
6073,0
6072,0
6072,0
6071,1
6070,0
6069,1
6068,0
6067,0
6066,0
6065,0
6062,0
6062,0
6059,0
6059,1
6057,0
6051,0
6049,0
6045,1
6045,1
6045,0
6039,0
6039,0
6038,0
6038,0
6033,1
6030,0
6027,0
6026,0
6024,0
6023,0
6022,0
6021,0
6020,0
6019,0
6019,0
6016,0
6014,0
6014,0
6012,0
6011,0
6009,0
6008,1
6007,0
6007,0
6006,0
5997,0
5997,0
5996,1
5996,0
5995,0
5994,0
5994,0
5994,0
5993,0
5992,0
5991,0
5991,1
5990,1
5986,0
5985,0
5984,0
5983,0
5983,0
5981,0
5980,0
5979,0
5977,0
5975,0
5975,0
5974,0
5973,0
5972,0
5972,0
5972,0
5971,0
5969,0
5969,0
5968,0
5968,0
5968,0
5963,0
5963,0
5962,1
5962,0
5962,0
5962,0
5959,1
5957,1
5953,0
5949,1
5943,0
5942,0
5941,0
5939,0
5939,0
5937,0
5937,1
5937,0
5935,0
5930,0
5930,0
5928,0
5925,0
5924,0
5923,0
5922,0
5917,0
5915,0
5913,0
5912,0
5912,0
5911,0
5910,0
5909,1
5909,0
5907,0
5906,0
5898,0
5898,0
5897,0
5894,0
5891,1
5889,0
5889,0
5887,0
5887,0
5886,0
5885,0
5881,0
5878,0
5877,0
5875,0
5874,0
5874,0
5870,0
5869,0
5865,0
5864,1
5862,0
5861,0
5859,0
5859,0
5858,1
5856,0
5855,0
5854,0
5853,0
5852,1
5851,0
5851,0
5851,0
5848,0
5847,0
5843,0
5843,0
5842,0
5841,0
5836,0
5832,0
5830,0
5828,1
5827,0
5826,1
5825,0
5818,0
5818,0
5817,0
5814,0
5813,0
5812,1
5807,0
5807,0
5803,0
5803,0
5801,0
5801,0
5801,0
5800,0
5800,0
5798,0
5796,0
5794,1
5791,0
5791,0
5788,1
5788,0
5787,0
5785,0
5784,1
5784,0
5783,0
5783,0
5782,0
5781,0
5780,0
5780,0
5780,0
5777,0
5777,0
5776,0
5776,0
5775,0
5775,0
5774,0
5773,0
5773,0
5773,0
5772,1
5769,0
5768,0
5765,0
5764,0
5763,0
5763,0
5762,0
5761,1
5760,0
5760,0
5759,0
5758,0
5758,0
5758,0
5757,0
5757,0
5755,0
5755,0
5751,1
5750,0
5750,0
5749,0
5746,0
5746,0
5741,0
5739,0
5738,0
5737,0
5734,0
5734,0
5733,0
5732,0
5731,0
5727,0
5726,1
5723,0
5721,1
5720,0
5719,0
5719,0
5718,0
5718,1
5718,0
5717,1
5717,0
5715,0
5714,0
5712,0
5710,1
5709,0
5709,0
5708,0
5706,1
5706,0
5705,0
5704,0
5697,0
5696,0
5696,0
5696,1
5696,0
5695,0
5695,1
5694,0
5693,0
5692,0
5690,1
5689,0
5687,0
5687,0
5686,1
5686,0
5685,0
5685,0
5682,0
5681,0
5676,0
5675,0
5669,1
5669,0
5669,0
5669,0
5664,0
5662,0
5661,0
5660,0
5659,1
5659,0
5655,0
5654,1
5652,0
5649,0
5649,0
5649,0
5649,0
5649,0
5648,0
5647,0
5646,1
5646,0
5646,1
5645,0
5644,0
5644,1
5642,1
5640,0
5640,1
5637,0
5635,0
5633,0
5630,0
5629,0
5629,0
5628,0
5628,1
5628,0
5627,0
5626,0
5623,0
5622,0
5622,1
5620,0
5619,0
5618,0
5617,1
5616,0
5616,0
5615,0
5615,0
5614,0
5613,0
5611,0
5611,0
5611,0
5611,0
5607,0
5606,0
5606,1
5606,1
5605,0
5598,0
5596,0
5594,1
5592,0
5592,0
5592,0
5590,0
5589,0
5588,1
5584,0
5582,0
5582,0
5580,0
5580,0
5577,0
5576,0
5575,0
5575,1
5573,0
5572,0
5569,0
5568,0
5567,0
5565,0
5565,1
5565,0
5562,0
5562,1
5561,1
5560,0
5558,0
5555,0
5553,0
5553,0
5551,0
5549,0
5549,0
5547,0
5547,0
5547,0
5546,0
5545,0
5544,1
5544,0
5543,0
5541,0
5538,0
5536,0
5536,0
5531,0
5529,1
5529,0
5528,0
5527,1
5525,0
5524,0
5524,0
5523,0
5521,1
5520,1
5519,0
5519,0
5517,0
5516,0
5513,0
5513,1
5511,0
5511,0
5511,1
5510,0
5510,0
5510,0
5510,0
5509,0
5505,0
5504,0
5503,1
5502,0
5501,0
5495,0
5495,1
5495,0
5495,0
5493,0
5492,1
5489,1
5485,0
5485,1
5484,0
5483,0
5483,1
5481,0
5480,0
5480,0
5478,0
5478,0
5474,1
5474,0
5472,1
5472,1
5472,0
5471,0
5471,0
5470,0
5469,0
5469,0
5468,0
5467,0
5466,0
5466,0
5466,0
5466,0
5462,0
5462,0
5462,0
5461,0
5459,0
5458,0
5458,0
5458,0
5456,0
5455,0
5455,0
5455,0
5455,0
5454,1
5451,0
5447,0
5447,1
5447,0
5446,1
5446,0
5439,0
5437,0
5435,1
5435,0
5435,0
5434,0
5434,0
5434,0
5433,0
5431,0
5430,0
5427,1
5426,0
5426,0
5422,0
5421,0
5421,0
5421,0
5420,0
5417,0
5417,0
5415,1
5411,0
5409,0
5409,0
5408,0
5406,1
5406,0
5404,0
5404,0
5402,0
5402,0
5400,0
5398,0
5397,1
5396,0
5396,0
5394,0
5393,0
5392,1
5389,0
5389,0
5386,0
5385,0
5384,0
5383,1
5380,0
5379,1
5378,0
5378,0
5377,0
5377,0
5376,0
5375,0
5374,1
5372,0
5367,0
5366,1
5365,0
5364,0
5364,1
5364,0
5364,1
5364,0
5362,1
5362,0
5359,1
5358,1
5354,0
5352,0
5352,0
5350,0
5345,0
5345,0
5344,1
5344,0
5343,1
5339,0
5336,0
5335,0
5333,0
5333,0
5333,0
5331,0
5331,1
5330,1
5329,0
5329,0
5326,0
5325,0
5325,0
5325,0
5323,0
5321,0
5321,0
5321,0
5320,1
5318,0
5312,0
5311,0
5311,0
5310,0
5308,0
5306,1
5304,0
5303,0
5303,0
5301,0
5301,1
5300,0
5299,0
5297,0
5295,0
5292,0
5290,0
5290,0
5289,0
5288,0
5288,1
5287,0
5286,0
5285,0
5283,0
5282,1
5282,0
5281,0
5281,0
5278,0
5277,1
5275,0
5272,0
5272,1
5271,0
5270,0
5270,0
5269,0
5268,0
5268,0
5267,0
5267,0
5265,0
5263,0
5262,1
5262,0
5260,0
5260,0
5258,0
5257,0
5256,0
5256,0
5254,0
5254,1
5253,0
5252,0
5252,0
5252,0
5251,0
5251,0
5251,0
5250,0
5249,1
5249,0
5248,0
5247,1
5246,0
5246,0
5245,0
5244,0
5243,0
5243,0
5240,0
5238,0
5235,0
5235,0
5234,0
5234,0
5232,0
5231,1
5229,0
5229,0
5228,1
5226,1
5226,0
5221,0
5221,0
5220,0
5219,0
5216,0
5213,0
5212,0
5210,1
5208,0
5205,0
5202,0
5202,0
5202,0
5202,1
5201,0
5199,0
5197,0
5197,1
5196,0
5195,0
5193,0
5192,1
5190,0
5190,1
5189,0
5188,1
5188,0
5186,1
5183,0
5181,0
5181,0
5178,0
5176,0
5174,0
5173,0
5172,0
5172,1
5171,0
5168,0
5168,0
5168,1
5167,1
5166,0
5166,0
5164,0
5163,0
5160,0
5158,0
5157,1
5156,0
5155,0
5154,0
5153,0
5153,1
5153,0
5151,0
5149,0
5149,0
5149,0
5145,0
5145,1
5144,0
5143,1
5141,0
5140,0
5139,0
5138,0
5135,1
5133,0
5132,0
5131,0
5129,0
5128,0
5128,0
5126,0
5125,1
5124,0
5124,1
5123,0
5122,0
5121,1
5120,1
5120,1
5117,0
5117,1
5115,0
5114,0
5113,1
5109,0
5109,0
5105,0
5102,0
5102,1
5102,1
5102,0
5101,1
5101,0
5099,1
5099,0
5096,0
5096,0
5095,1
5094,0
5093,0
5093,0
5093,0
5092,0
5091,0
5089,0
5088,0
5088,1
5087,1
5085,0
5084,1
5083,1
5082,0
5078,0
5078,1
5075,0
5075,0
5075,0
5075,1
5073,0
5073,1
5073,0
5073,0
5071,0
5071,0
5070,0
5069,0
5067,0
5067,0
5066,0
5066,1
5066,0
5064,0
5063,1
5063,0
5062,1
5062,0
5061,1
5060,0
5060,0
5058,0
5057,0
5056,0
5055,0
5055,0
5055,1
5054,0
5051,1
5050,0
5050,0
5049,1
5047,1
5046,1
5044,0
5044,0
5042,0
5041,0
5041,0
5040,0
5040,0
5040,0
5037,0
5036,0
5035,0
5033,1
5032,0
5032,0
5031,0
5030,0
5030,1
5029,1
5029,0
5028,0
5028,0
5027,0
5026,1
5025,0
5024,0
5023,1
5019,0
5016,0
5013,0
5011,1
5010,0
5009,0
5005,0
5003,1
5001,0
5000,0
4999,0
4997,0
4996,0
4996,1
4995,0
4990,0
4988,1
4988,0
4988,0
4987,0
4984,0
4982,0
4980,0
4980,0
4979,0
4979,0
4977,0
4977,0
4977,0
4975,0
4974,0
4974,0
4973,0
4973,0
4973,0
4970,0
4968,0
4966,0
4966,0
4966,1
4963,0
4963,0
4963,0
4962,0
4961,1
4961,0
4959,0
4956,1
4956,0
4956,0
4955,0
4954,0
4951,0
4951,0
4950,0
4948,0
4948,0
4946,0
4946,0
4943,0
4942,0
4942,0
4941,0
4940,0
4939,0
4936,0
4935,0
4933,0
4932,0
4932,0
4931,0
4930,0
4929,0
4928,0
4927,0
4926,0
4925,0
4924,0
4921,0
4920,1
4919,0
4918,1
4917,0
4916,0
4915,0
4915,0
4914,0
4913,1
4913,0
4911,0
4910,0
4910,0
4909,0
4908,0
4907,1
4906,0
4906,0
4906,1
4906,1
4905,0
4904,0
4903,0
4903,1
4903,0
4902,0
4902,0
4901,0
4901,1
4899,0
4898,0
4897,0
4896,0
4895,0
4891,0
4889,1
4888,0
4888,0
4886,0
4882,0
4882,0
4881,0
4879,1
4879,0
4878,0
4877,0
4877,0
4875,0
4874,0
4873,0
4872,0
4871,0
4870,0
4870,0
4869,1
4867,1
4866,1
4866,0
4866,1
4865,0
4864,1
4864,1
4861,1
4860,0
4860,0
4858,0
4857,0
4856,0
4856,1
4856,0
4856,0
4856,0
4854,0
4854,0
4851,0
4851,0
4851,0
4850,0
4849,0
4849,0
4848,0
4847,0
4844,0
4844,0
4843,1
4843,0
4840,0
4838,0
4837,1
4837,1
4835,0
4833,0
4832,0
4831,0
4831,0
4828,0
4828,0
4828,0
4826,1
4826,1
4824,0
4824,0
4823,0
4823,0
4822,0
4820,0
4818,0
4818,0
4817,0
4815,1
4814,1
4813,0
4813,0
4812,0
4812,0
4810,0
4810,1
4809,0
4808,0
4806,0
4805,1
4805,0
4804,1
4802,0
4801,0
4801,0
4800,0
4800,0
4799,0
4797,0
4794,1
4794,0
4794,1
4792,0
4792,0
4789,1
4788,0
4788,0
4787,1
4785,1
4783,0
4783,0
4783,0
4783,0
4778,0
4778,0
4777,0
4775,0
4775,0
4775,0
4775,0
4775,0
4775,0
4774,0
4774,0
4773,0
4773,0
4773,0
4768,1
4766,1
4766,0
4764,0
4764,0
4762,0
4761,0
4760,0
4758,0
4756,0
4756,1
4755,0
4755,1
4755,0
4753,0
4752,1
4750,1
4749,1
4749,0
4747,0
4747,1
4745,0
4744,0
4744,1
4742,0
4740,0
4738,0
4738,0
4737,0
4737,0
4736,0
4735,1
4734,0
4734,0
4734,0
4732,0
4731,0
4730,0
4729,0
4729,0
4728,0
4723,0
4721,0
4716,0
4716,0
4716,0
4714,0
4714,0
4712,1
4711,0
4710,1
4709,0
4709,0
4708,1
4707,0
4706,0
4704,0
4703,0
4702,0
4701,1
4700,1
4699,0
4698,0
4698,0
4695,0
4694,0
4693,1
4693,0
4692,1
4691,0
4691,0
4690,0
4690,0
4689,0
4689,0
4689,1
4688,0
4688,0
4688,0
4688,0
4688,0
4682,0
4682,0
4682,0
4681,0
4681,1
4680,0
4680,1
4678,0
4678,0
4677,1
4676,0
4675,0
4674,0
4674,1
4673,0
4672,1
4671,0
4670,1
4669,0
4669,1
4668,0
4667,0
4666,1
4666,0
4666,0
4664,0
4663,1
4661,0
4661,0
4661,0
4660,0
4659,0
4657,1
4657,0
4657,1
4656,0
4656,0
4653,0
4653,0
4647,1
4645,0
4645,1
4645,0
4645,0
4645,0
4643,0
4643,0
4642,0
4638,0
4636,0
4636,0
4635,1
4635,0
4633,0
4632,0
4629,0
4628,0
4627,0
4627,0
4626,1
4625,0
4623,0
4623,0
4622,0
4622,0
4621,1
4621,0
4619,0
4618,0
4618,0
4618,1
4615,0
4615,0
4614,0
4614,0
4613,1
4611,0
4611,0
4611,1
4610,1
4609,0
4608,1
4607,0
4607,0
4605,1
4605,1
4605,0
4604,0
4603,0
4603,1
4602,0
4602,0
4602,0
4602,1
4600,1
4599,0
4598,0
4598,0
4593,0
4591,1
4591,0
4590,0
4589,1
4588,0
4587,0
4587,0
4586,0
4585,0
4585,0
4585,0
4585,1
4585,1
4584,0
4583,1
4583,0
4583,0
4582,0
4581,0
4580,0
4578,0
4577,0
4576,0
4576,0
4576,0
4574,1
4574,1
4571,0
4569,0
4568,0
4567,0
4567,0
4566,0
4566,0
4565,1
4564,0
4563,0
4559,1
4559,0
4559,1
4557,0
4556,1
4555,0
4554,1
4552,0
4550,0
4550,1
4550,0
4549,0
4549,0
4548,0
4544,1
4544,0
4542,0
4541,0
4541,0
4540,0
4540,0
4540,1
4539,0
4537,0
4537,0
4536,0
4534,0
4533,1
4532,0
4531,0
4530,0
4529,0
4529,0
4529,0
4529,0
4527,0
4523,0
4521,0
4521,1
4520,0
4520,1
4520,0
4519,1
4519,0
4517,0
4517,0
4516,0
4515,0
4515,0
4512,0
4511,0
4511,1
4510,0
4510,0
4508,1
4507,1
4507,0
4506,0
4505,0
4502,0
4501,1
4501,0
4500,1
4499,1
4497,0
4494,0
4493,0
4492,0
4492,1
4491,1
4487,0
4487,1
4487,0
4486,0
4483,0
4482,0
4482,0
4481,0
4479,0
4479,0
4476,0
4474,1
4473,0
4472,0
4471,0
4470,0
4470,0
4470,1
4469,0
4469,1
4468,0
4467,1
4462,0
4462,0
4461,0
4461,0
4460,0
4459,0
4459,0
4459,0
4458,0
4458,0
4458,0
4458,0
4454,1
4452,1
4452,0
4452,0
4451,0
4451,1
4451,0
4449,1
4448,0
4448,1
4447,0
4447,0
4446,0
4446,0
4445,0
4444,1
4443,0
4442,0
4442,0
4439,1
4438,1
4437,1
4436,0
4435,0
4434,0
4433,1
4432,1
4432,0
4431,0
4430,0
4429,0
4429,0
4426,0
4425,0
4424,0
4424,0
4423,0
4420,0
4420,0
4420,0
4419,1
4418,0
4417,0
4417,0
4416,0
4414,1
4414,0
4413,1
4413,0
4411,1
4411,0
4408,0
4407,0
4407,0
4406,0
4405,0
4404,0
4403,1
4402,0
4400,0
4400,0
4396,0
4395,0
4393,1
4393,1
4391,1
4391,1
4391,0
4390,0
4390,0
4389,1
4389,0
4389,0
4388,1
4388,0
4387,0
4387,0
4386,0
4385,1
4385,0
4384,0
4384,0
4384,0
4383,1
4383,0
4383,0
4382,0
4381,0
4380,1
4379,1
4379,0
4379,0
4377,1
4377,0
4376,0
4376,0
4375,0
4374,0
4373,0
4373,0
4370,1
4370,0
4369,0
4369,1
4368,0
4368,1
4366,1
4366,1
4365,0
4364,0
4362,0
4362,0
4361,0
4360,0
4359,0
4358,0
4356,0
4353,0
4353,0
4352,1
4350,0
4349,0
4348,0
4346,0
4345,1
4344,1
4342,1
4341,0
4341,0
4339,1
4339,0
4338,0
4338,0
4338,0
4336,0
4335,0
4334,0
4333,0
4333,0
4332,0
4331,0
4330,1
4330,1
4328,1
4326,0
4326,0
4325,1
4324,0
4324,0
4323,1
4323,0
4323,0
4321,0
4320,0
4319,0
4316,0
4316,0
4314,0
4314,0
4314,1
4313,0
4312,0
4312,1
4306,0
4306,0
4306,1
4305,0
4304,0
4304,0
4303,0
4302,0
4300,0
4297,0
4297,1
4297,0
4297,0
4297,0
4294,0
4294,0
4294,1
4293,0
4293,0
4293,1
4292,1
4291,0
4290,0
4288,0
4287,1
4286,0
4286,1
4285,0
4283,1
4282,1
4281,0
4281,0
4281,0
4280,0
4280,1
4279,0
4279,0
4279,0
4277,0
4276,0
4274,0
4272,0
4272,0
4271,0
4271,0
4271,1
4270,0
4268,0
4265,1
4265,0
4264,0
4264,0
4264,0
4263,0
4262,0
4261,0
4261,1
4261,1
4260,1
4260,0
4259,0
4258,0
4256,0
4255,0
4255,0
4254,0
4253,0
4250,0
4249,1
4248,1
4245,0
4245,1
4244,1
4244,0
4244,0
4242,1
4242,0
4241,0
4241,0
4240,0
4240,0
4238,0
4237,1
4235,0
4233,0
4233,0
4232,0
4231,0
4231,0
4231,0
4230,0
4229,0
4228,0
4227,1
4227,0
4227,0
4226,0
4225,1
4225,0
4223,0
4222,0
4220,0
4220,0
4220,1
4220,0
4219,0
4219,0
4219,0
4219,0
4217,0
4217,0
4217,1
4217,1
4216,0
4215,0
4213,0
4212,1
4212,0
4211,0
4208,0
4208,0
4208,1
4207,0
4207,0
4207,0
4206,0
4204,1
4204,0
4203,0
4200,1
4200,0
4200,0
4199,1
4198,0
4198,0
4198,0
4196,1
4194,1
4192,0
4191,0
4190,0
4189,0
4189,0
4189,0
4189,0
4187,0
4187,0
4187,0
4186,0
4184,0
4181,0
4181,0
4180,0
4180,0
4179,0
4177,1
4176,0
4176,0
4174,1
4173,0
4171,0
4171,0
4169,0
4168,1
4168,0
4167,0
4165,1
4165,1
4164,0
4163,0
4163,0
4163,0
4162,0
4161,0
4161,1
4160,0
4159,0
4159,1
4158,0
4157,0
4155,0
4154,0
4154,1
4149,0
4147,0
4147,0
4146,0
4146,0
4146,0
4146,0
4145,0
4142,0
4142,1
4140,0
4140,0
4140,1
4139,0
4139,0
4138,1
4138,0
4136,0
4135,0
4135,0
4134,0
4134,0
4134,1
4133,0
4132,0
4131,0
4130,0
4130,0
4130,1
4129,1
4128,1
4128,0
4126,0
4126,0
4126,0
4126,0
4125,0
4121,1
4120,1
4120,0
4120,0
4115,0
4114,1
4113,0
4113,1
4112,0
4112,0
4110,1
4108,0
4107,0
4106,0
4105,0
4102,0
4101,1
4100,0
4099,1
4099,1
4099,1
4098,0
4097,0
4097,0
4097,0
4097,0
4096,0
4096,0
4095,0
4095,0
4094,0
4091,0
4089,0
4088,0
4085,0
4085,0
4085,0
4084,0
4083,0
4081,0
4078,0
4076,1
4071,1
4071,0
4070,0
4070,1
4067,0
4067,0
4066,0
4065,0
4065,0
4065,0
4064,0
4064,0
4063,0
4063,0
4062,1
4061,1
4061,0
4058,0
4058,0
4058,0
4057,0
4057,0
4056,1
4056,0
4055,0
4055,1
4055,0
4055,0
4054,0
4054,0
4054,0
4053,0
4053,0
4052,1
4051,0
4050,0
4048,0
4048,0
4048,0
4048,0
4047,0
4046,0
4045,0
4045,0
4044,0
4043,1
4042,0
4042,0
4042,1
4040,0
4037,1
4037,0
4035,0
4034,1
4034,1
4033,0
4033,0
4033,0
4032,1
4032,1
4031,0
4030,0
4029,0
4028,0
4026,0
4026,1
4026,0
4025,0
4025,0
4025,0
4023,0
4022,1
4022,0
4022,0
4021,1
4018,0
4015,0
4015,0
4012,0
4011,0
4009,1
4008,0
4007,0
4007,1
4006,0
4004,0
4002,0
4002,0
4001,0
3999,0
3998,0
3997,0
3996,1
3996,1
3995,1
3993,0
3993,1
3992,0
3991,0
3991,0
3991,0
3990,1
3989,0
3989,1
3988,0
3987,0
3983,0
3983,0
3978,0
3978,1
3978,0
3978,1
3978,0
3977,0
3977,0
3977,0
3977,0
3976,0
3976,0
3974,0
3973,0
3972,0
3971,0
3970,0
3970,0
3969,1
3968,0
3968,0
3968,1
3967,1
3966,0
3966,1
3966,0
3966,0
3965,1
3964,0
3964,0
3964,0
3963,0
3963,0
3961,0
3961,0
3961,0
3960,0
3960,0
3960,0
3959,0
3958,0
3958,0
3958,1
3957,0
3957,0
3954,1
3953,0
3952,1
3952,0
3952,0
3952,0
3951,0
3949,0
3948,0
3944,0
3944,0
3943,0
3943,0
3940,0
3939,0
3939,0
3937,0
3936,0
3934,0
3933,0
3933,0
3933,0
3933,0
3931,0
3931,0
3929,0
3929,1
3928,0
3927,0
3925,0
3925,0
3921,1
3921,0
3920,0
3917,0
3915,1
3912,0
3912,0
3910,0
3910,0
3909,0
3908,0
3908,1
3906,1
3905,1
3904,0
3904,0
3903,0
3902,0
3900,0
3898,0
3898,0
3897,0
3896,1
3894,0
3894,0
3892,0
3891,1
3891,0
3891,0
3890,0
3889,0
3889,1
3889,1
3888,1
3888,0
3888,0
3885,0
3885,0
3883,0
3881,0
3881,1
3881,0
3880,1
3879,0
3878,0
3877,0
3875,0
3875,0
3875,0
3874,0
3873,0
3873,0
3871,0
3870,0
3870,0
3869,1
3867,0
3866,0
3866,1
3866,0
3865,0
3862,0
3862,0
3859,0
3858,1
3857,0
3857,1
3855,1
3855,1
3854,0
3854,0
3852,0
3851,0
3851,0
3849,0
3848,0
3848,0
3848,0
3847,0
3847,1
3846,0
3846,1
3844,0
3843,0
3843,0
3842,0
3841,0
3841,0
3840,1
3839,0
3838,0
3838,0
3837,0
3836,0
3836,0
3835,1
3835,0
3834,0
3834,0
3833,0
3832,1
3831,0
3831,0
3831,0
3827,0
3826,0
3826,0
3825,1
3823,1
3821,1
3820,0
3820,1
3818,0
3818,0
3818,0
3817,0
3816,0
3815,0
3814,0
3814,0
3813,0
3813,0
3812,1
3811,0
3810,0
3810,0
3810,1
3809,1
3809,0
3808,1
3807,0
3806,0
3805,1
3805,0
3805,0
3805,0
3804,0
3804,0
3803,0
3803,0
3803,0
3803,0
3802,0
3799,0
3798,0
3797,0
3796,0
3796,1
3795,1
3793,0
3793,0
3792,0
3792,1
3792,0
3791,0
3791,0
3790,0
3789,0
3788,0
3787,1
3787,1
3786,1
3785,0
3784,1
3783,0
3783,0
3783,0
3782,1
3780,0
3780,0
3779,0
3778,0
3778,0
3776,0
3773,0
3773,0
3773,1
3770,0
3769,1
3769,0
3767,1
3767,0
3766,1
3764,0
3764,0
3764,0
3763,1
3762,0
3762,0
3762,0
3761,0
3761,0
3760,0
3759,1
3759,1
3758,1
3758,0
3758,0
3758,0
3758,1
3757,0
3756,1
3755,0
3755,1
3755,0
3755,1
3755,1
3753,0
3752,0
3752,0
3752,0
3751,0
3751,0
3751,0
3750,0
3749,1
3749,1
3748,0
3748,0
3744,0
3743,0
3743,0
3742,1
3742,1
3741,0
3740,0
3739,0
3738,0
3738,0
3737,0
3736,0
3736,1
3736,0
3733,0
3732,1
3732,1
3731,0
3731,0
3728,1
3728,0
3728,1
3726,0
3726,0
3725,0
3725,1
3725,0
3724,0
3724,0
3723,1
3721,1
3721,0
3721,1
3719,1
3718,0
3717,0
3717,1
3716,0
3716,1
3716,1
3716,1
3715,0
3713,1
3713,1
3712,1
3712,0
3711,0
3710,0
3710,0
3708,0
3705,0
3703,0
3703,0
3703,0
3701,0
3701,0
3700,0
3700,0
3699,1
3699,0
3699,0
3699,0
3698,0
3696,0
3695,0
3694,0
3693,1
3693,0
3693,0
3691,1
3690,0
3690,1
3690,0
3690,0
3689,1
3689,1
3688,1
3688,0
3687,1
3687,0
3686,0
3685,1
3684,0
3684,0
3682,0
3681,0
3680,1
3680,0
3679,1
3678,0
3678,1
3677,0
3675,0
3674,1
3674,0
3673,0
3672,0
3672,1
3671,0
3670,0
3669,0
3669,0
3669,0
3667,1
3667,0
3667,0
3666,0
3666,1
3666,0
3665,0
3665,0
3662,0
3662,0
3661,0
3660,0
3659,0
3656,0
3656,0
3656,1
3656,1
3655,1
3654,0
3653,0
3652,0
3651,1
3651,1
3651,1
3650,0
3649,0
3648,0
3648,0
3648,0
3647,0
3647,0
3646,0
3645,0
3644,0
3644,1
3644,1
3643,1
3643,1
3642,0
3641,0
3640,0
3638,0
3636,0
3636,0
3635,0
3635,0
3634,0
3633,1
3632,1
3632,1
3631,0
3630,0
3629,0
3629,0
3629,0
3629,0
3629,0
3627,1
3626,1
3624,1
3624,1
3623,0
3623,0
3621,0
3621,0
3620,0
3620,0
3620,0
3619,0
3618,0
3616,0
3615,0
3613,0
3613,1
3612,1
3610,0
3608,0
3608,1
3607,0
3607,0
3606,1
3606,0
3606,0
3605,0
3605,0
3604,0
3604,1
3602,1
3602,0
3601,0
3601,0
3600,0
3599,0
3599,0
3599,0
3599,0
3599,0
3599,0
3596,0
3596,1
3592,0
3591,0
3591,0
3591,0
3590,0
3590,1
3589,1
3589,0
3588,1
3586,0
3586,0
3585,0
3585,0
3585,0
3584,0
3584,0
3584,1
3583,0
3582,0
3581,0
3578,0
3577,1
3576,0
3575,0
3574,0
3572,1
3572,0
3570,0
3570,1
3567,0
3567,1
3566,1
3565,0
3564,1
3564,1
3563,0
3563,1
3562,0
3561,0
3561,0
3561,0
3560,1
3560,1
3559,0
3559,0
3559,0
3559,0
3559,0
3557,0
3557,1
3555,0
3555,0
3555,0
3554,0
3554,0
3554,0
3553,0
3553,0
3552,1
3551,0
3550,1
3549,0
3548,1
3547,0
3547,0
3543,1
3543,0
3542,0
3540,0
3539,1
3538,0
3536,0
3535,0
3534,0
3533,0
3533,0
3532,0
3532,0
3530,0
3529,1
3527,0
3526,1
3526,0
3525,0
3525,0
3525,1
3525,1
3524,0
3524,0
3524,0
3524,1
3523,0
3522,1
3521,0
3521,0
3521,0
3520,0
3519,0
3517,0
3517,0
3515,0
3514,0
3514,0
3512,1
3512,0
3512,0
3511,0
3510,0
3510,0
3509,1
3508,0
3506,0
3504,0
3503,0
3501,0
3499,0
3498,0
3498,1
3497,0
3497,0
3496,0
3496,0
3496,0
3495,0
3494,0
3492,0
3491,1
3489,0
3489,0
3489,0
3487,0
3487,1
3487,0
3482,0
3481,0
3479,0
3479,0
3474,1
3473,0
3473,1
3473,0
3472,1
3470,0
3470,0
3470,1
3470,0
3469,0
3469,0
3468,0
3468,0
3467,0
3467,0
3466,0
3462,0
3461,0
3461,1
3458,0
3457,0
3456,1
3455,0
3453,0
3453,0
3452,1
3452,0
3451,0
3451,0
3451,0
3450,1
3450,0
3449,1
3449,1
3448,0
3448,0
3448,1
3447,0
3447,0
3446,0
3444,0
3444,0
3442,0
3440,1
3439,1
3438,0
3438,0
3438,0
3437,0
3436,1
3434,0
3433,1
3433,1
3432,1
3431,0
3430,1
3429,0
3428,0
3426,0
3425,1
3425,0
3422,0
3422,1
3422,1
3422,0
3422,0
3422,1
3421,1
3420,0
3420,0
3420,0
3419,0
3418,0
3417,0
3415,1
3414,1
3412,0
3412,0
3412,0
3411,0
3410,0
3409,0
3409,0
3409,1
3408,0
3407,1
3407,0
3407,0
3406,0
3405,0
3405,1
3404,0
3402,0
3400,0
3400,1
3398,0
3398,0
3397,1
3395,0
3395,0
3394,1
3394,0
3394,1
3394,0
3394,1
3392,0
3392,1
3391,0
3390,1
3390,1
3388,0
3388,1
3388,0
3388,0
3387,1
3387,0
3387,1
3387,0
3385,0
3385,0
3384,1
3384,1
3383,1
3382,0
3381,0
3381,1
3380,0
3379,1
3378,0
3378,0
3376,1
3376,1
3375,0
3374,0
3373,0
3372,0
3372,1
3371,0
3370,0
3370,0
3369,0
3369,0
3368,0
3367,1
3366,0
3364,0
3360,1
3358,0
3357,1
3357,1
3356,0
3355,0
3354,0
3353,1
3353,0
3351,1
3351,1
3350,0
3350,0
3349,0
3349,0
3349,0
3347,0
3347,0
3347,0
3344,0
3343,0
3342,0
3341,0
3340,1
3339,0
3339,0
3339,0
3338,0
3338,0
3337,0
3336,1
3336,0
3332,1
3332,0
3331,0
3331,0
3331,0
3330,0
3328,1
3328,0
3328,0
3327,0
3326,0
3326,1
3326,0
3326,0
3325,1
3325,1
3324,0
3324,0
3323,0
3323,1
3321,1
3320,0
3319,0
3317,0
3317,0
3317,0
3316,0
3315,1
3315,1
3313,1
3312,0
3312,0
3312,0
3312,1
3312,0
3311,1
3310,0
3310,0
3306,0
3306,0
3306,1
3306,0
3305,0
3304,0
3304,1
3304,0
3303,0
3303,0
3303,0
3303,1
3303,1
3302,0
3302,0
3302,0
3302,0
3300,1
3299,0
3299,1
3298,1
3297,1
3296,0
3296,0
3292,0
3292,0
3291,0
3291,0
3290,0
3289,1
3289,0
3286,1
3285,0
3284,0
3284,1
3281,0
3281,1
3281,1
3281,0
3280,1
3277,1
3276,1
3276,0
3276,1
3275,1
3275,0
3274,0
3274,0
3274,0
3272,0
3272,0
3271,0
3270,0
3270,1
3270,0
3270,0
3270,1
3268,1
3268,0
3266,0
3266,0
3265,1
3265,0
3263,1
3261,0
3260,1
3259,0
3258,0
3258,0
3254,1
3254,0
3254,0
3253,0
3251,1
3250,0
3249,1
3249,0
3249,1
3248,0
3248,0
3248,1
3244,0
3243,1
3240,0
3239,0
3238,0
3238,1
3238,0
3236,0
3236,0
3236,1
3236,0
3233,0
3233,0
3231,0
3230,1
3230,1
3230,1
3229,1
3227,0
3226,0
3225,0
3225,1
3224,0
3222,1
3222,0
3219,0
3217,0
3216,0
3215,1
3215,0
3215,0
3214,1
3213,0
3212,1
3211,0
3209,1
3209,0
3207,0
3207,0
3207,0
3207,0
3206,1
3205,0
3203,0
3203,0
3201,0
3200,1
3199,1
3199,1
3198,1
3195,0
3195,1
3194,1
3193,1
3191,1
3191,0
3190,0
3190,0
3190,0
3189,0
3189,1
3188,1
3188,0
3187,0
3187,1
3187,0
3186,1
3186,0
3185,0
3183,0
3183,0
3182,0
3180,0
3179,0
3179,0
3178,0
3177,0
3175,1
3175,0
3175,0
3174,0
3172,0
3170,1
3169,0
3167,0
3163,0
3162,0
3161,1
3161,0
3161,0
3159,0
3158,1
3157,0
3156,1
3156,0
3156,0
3156,1
3155,1
3154,0
3153,0
3153,0
3152,0
3152,0
3151,1
3151,0
3151,1
3151,1
3150,0
3150,1
3149,1
3149,0
3148,0
3147,0
3146,0
3146,0
3145,1
3145,0
3143,1
3141,0
3141,1
3141,1
3138,0
3136,0
3136,0
3135,0
3134,1
3132,1
3132,0
3132,1
3132,0
3132,0
3129,0
3129,0
3127,1
3124,1
3124,0
3123,1
3123,1
3122,1
3121,0
3118,1
3118,0
3117,0
3116,1
3115,1
3115,0
3115,1
3115,0
3114,0
3114,0
3114,0
3114,0
3113,1
3112,1
3111,1
3111,0
3111,0
3111,0
3110,0
3108,1
3108,0
3107,1
3107,1
3106,0
3106,1
3106,0
3105,1
3102,1
3101,0
3101,0
3100,0
3099,0
3099,0
3099,0
3099,0
3098,1
3096,1
3096,0
3095,0
3094,0
3093,1
3092,0
3091,1
3090,1
3090,1
3090,0
3089,1
3089,0
3089,0
3088,1
3087,0
3087,0
3086,1
3085,1
3084,1
3083,0
3082,1
3080,0
3080,0
3079,0
3078,0
3077,0
3076,0
3074,0
3074,1
3073,1
3073,0
3072,0
3072,0
3069,0
3069,0
3068,0
3068,0
3067,0
3064,1
3063,0
3063,0
3062,0
3062,0
3061,0
3060,0
3059,1
3057,0
3055,0
3053,0
3053,0
3053,0
3053,1
3052,1
3051,1
3050,0
3048,0
3046,0
3046,0
3045,0
3044,0
3044,0
3043,0
3042,0
3042,1
3042,1
3042,1
3042,1
3041,0
3041,1
3040,1
3040,0
3039,0
3038,0
3037,0
3035,0
3035,0
3034,0
3032,0
3031,0
3030,0
3030,0
3029,0
3029,0
3029,0
3027,1
3025,0
3024,1
3024,0
3023,1
3023,0
3022,0
3021,0
3020,1
3020,0
3019,0
3019,1
3017,1
3016,1
3016,1
3016,1
3013,0
3013,1
3012,1
3012,1
3011,1
3010,1
3009,0
3008,1
3008,1
3007,0
3006,0
3006,0
3000,0
2999,0
2999,1
2999,0
2998,1
2997,0
2997,0
2996,0
2996,1
2996,1
2995,1
2995,1
2992,0
2992,0
2991,0
2990,1
2989,0
2989,0
2989,0
2987,1
2986,1
2986,0
2984,0
2983,1
2982,1
2980,1
2980,0
2978,1
2978,1
2978,1
2977,0
2976,1
2976,0
2975,0
2974,0
2974,1
2974,1
2974,0
2972,0
2972,0
2972,1
2970,1
2969,0
2969,0
2969,0
2968,0
2966,1
2966,0
2964,0
2963,0
2961,1
2960,1
2959,0
2958,0
2958,1
2957,1
2957,0
2957,0
2956,1
2955,0
2955,1
2955,0
2954,0
2954,1
2954,0
2954,0
2952,1
2950,1
2950,0
2950,0
2948,0
2947,0
2947,0
2947,0
2946,1
2946,0
2944,0
2941,1
2941,0
2935,0
2935,0
2933,0
2931,0
2930,1
2929,0
2927,1
2925,1
2925,1
2924,0
2921,0
2919,1
2918,0
2917,0
2916,1
2916,0
2913,1
2913,0
2913,0
2913,1
2911,1
2911,0
2911,1
2909,1
2909,1
2909,0
2908,1
2908,1
2907,0
2906,1
2904,0
2904,0
2902,0
2901,0
2901,1
2900,1
2900,0
2898,0
2898,0
2898,0
2897,0
2896,0
2895,1
2894,1
2893,1
2893,1
2893,0
2892,0
2892,0
2892,1
2891,0
2891,0
2890,0
2889,0
2888,0
2888,1
2885,0
2883,0
2883,0
2883,1
2880,0
2880,1
2877,1
2875,1
2875,0
2875,0
2872,0
2871,0
2868,1
2868,0
2867,0
2866,1
2864,1
2863,0
2863,0
2863,1
2863,0
2863,0
2861,1
2860,0
2859,0
2857,0
2856,0
2855,1
2852,0
2852,0
2850,1
2850,1
2850,1
2849,0
2846,1
2845,0
2843,1
2842,0
2842,1
2841,1
2840,1
2839,0
2839,1
2839,0
2839,0
2839,0
2838,0
2838,0
2838,0
2837,0
2835,0
2834,0
2834,0
2834,1
2832,0
2832,0
2830,1
2829,1
2827,0
2826,0
2823,0
2823,1
2822,0
2821,1
2821,0
2820,0
2819,0
2819,1
2818,0
2817,0
2817,1
2817,1
2816,1
2815,0
2814,1
2811,0
2809,1
2809,0
2808,0
2807,1
2806,1
2806,0
2805,1
2802,0
2800,1
2800,1
2799,0
2799,0
2799,1
2798,1
2798,1
2798,0
2797,0
2797,1
2797,0
2796,0
2793,1
2792,1
2792,1
2792,0
2791,0
2787,0
2787,1
2785,0
2784,1
2781,0
2780,0
2777,0
2776,0
2776,0
2775,1
2775,1
2773,0
2772,0
2772,0
2772,1
2768,1
2767,0
2767,1
2767,1
2767,0
2765,0
2764,0
2764,0
2762,0
2761,0
2760,1
2759,0
2758,0
2758,0
2757,0
2756,0
2756,1
2756,0
2755,1
2755,1
2754,0
2753,0
2753,0
2752,0
2752,0
2750,1
2750,1
2749,0
2747,1
2745,0
2743,0
2743,0
2743,1
2743,0
2741,0
2740,1
2740,0
2739,1
2739,0
2739,0
2738,0
2737,0
2736,1
2736,0
2735,0
2734,1
2731,0
2731,0
2729,0
2727,0
2727,0
2726,0
2726,1
2726,1
2726,0
2725,0
2725,1
2724,0
2723,1
2721,0
2721,0
2721,0
2718,0
2718,1
2718,1
2716,0
2715,1
2715,0
2714,1
2713,0
2711,0
2710,0
2708,0
2707,1
2707,1
2707,0
2706,0
2705,1
2704,0
2704,1
2704,1
2703,1
2703,0
2703,0
2701,0
2701,0
2700,0
2700,1
2699,0
2698,1
2697,0
2697,1
2694,1
2694,0
2693,0
2692,0
2692,0
2690,1
2690,0
2689,0
2689,0
2689,1
2688,0
2687,0
2687,0
2686,1
2686,1
2686,0
2683,1
2683,0
2682,1
2674,1
2673,0
2672,1
2671,0
2671,1
2670,0
2669,1
2668,0
2667,1
2667,0
2666,1
2666,0
2666,0
2665,0
2665,0
2665,1
2663,1
2662,0
2662,0
2661,1
2661,0
2660,0
2660,0
2659,0
2658,1
2658,0
2656,0
2653,1
2649,0
2649,0
2648,0
2647,0
2645,1
2642,0
2642,1
2640,0
2640,0
2640,0
2639,0
2639,1
2638,1
2638,1
2638,0
2637,0
2637,0
2636,0
2636,0
2636,0
2635,0
2635,0
2634,0
2634,0
2633,1
2633,0
2632,0
2631,1
2631,1
2631,0
2631,0
2630,0
2629,1
2628,0
2628,0
2628,1
2626,0
2626,1
2626,1
2626,1
2625,1
2624,0
2622,0
2621,0
2619,1
2619,0
2618,1
2618,1
2618,0
2615,0
2615,0
2614,0
2613,1
2612,1
2610,1
2608,1
2607,0
2607,1
2606,0
2605,1
2604,1
2604,1
2598,1
2594,0
2594,0
2594,0
2594,0
2594,1
2594,1
2593,0
2592,0
2592,1
2592,1
2590,0
2589,0
2588,0
2587,0
2586,1
2586,1
2585,0
2585,0
2583,0
2583,0
2582,1
2581,0
2578,1
2578,0
2578,0
2576,0
2575,0
2575,0
2575,1
2574,1
2572,0
2571,1
2570,1
2569,0
2569,1
2569,1
2567,1
2567,1
2567,1
2566,0
2562,0
2562,1
2561,1
2561,0
2558,1
2556,1
2555,1
2555,0
2555,0
2553,0
2551,0
2550,0
2550,0
2547,1
2546,1
2546,0
2543,1
2542,0
2542,1
2541,1
2541,1
2540,1
2540,0
2540,0
2538,0
2535,0
2534,0
2534,1
2533,1
2532,1
2531,0
2529,0
2528,1
2528,0
2525,1
2525,1
2522,0
2520,0
2520,0
2519,1
2518,0
2517,0
2516,1
2516,0
2516,1
2516,1
2515,0
2514,0
2513,1
2512,0
2511,0
2510,1
2509,1
2509,0
2508,1
2507,0
2507,0
2506,0
2505,1
2505,0
2504,0
2503,1
2503,1
2503,1
2501,0
2501,1
2500,1
2500,0
2498,0
2498,0
2495,0
2494,1
2494,1
2494,0
2493,0
2492,0
2492,0
2491,1
2491,1
2491,0
2491,1
2490,1
2488,1
2487,1
2486,0
2486,1
2486,0
2485,1
2485,1
2484,0
2482,1
2480,0
2479,1
2476,0
2474,1
2473,1
2472,0
2470,1
2468,0
2468,1
2467,0
2467,1
2464,0
2464,0
2464,0
2464,0
2464,1
2463,0
2463,1
2463,1
2461,0
2460,1
2460,0
2459,1
2458,1
2458,1
2458,0
2458,1
2457,0
2455,0
2455,0
2454,1
2454,1
2453,0
2453,0
2451,0
2450,1
2450,0
2449,0
2447,1
2447,1
2447,0
2447,0
2446,0
2444,1
2444,1
2443,1
2442,0
2441,0
2441,0
2439,1
2439,0
2438,0
2438,1
2436,1
2435,1
2435,1
2434,1
2433,0
2433,0
2433,0
2432,0
2432,0
2432,1
2431,1
2430,1
2430,1
2430,0
2430,1
2429,0
2428,1
2428,1
2427,1
2426,0
2426,0
2425,0
2424,1
2423,0
2423,1
2421,1
2420,0
2420,0
2420,1
2419,1
2418,1
2418,1
2417,0
2416,0
2415,0
2414,0
2414,0
2413,1
2413,0
2412,1
2412,0
2412,1
2409,1
2409,0
2408,0
2408,0
2408,1
2408,0
2406,0
2406,1
2406,1
2405,1
2403,0
2402,1
2401,0
2400,1
2400,1
2398,1
2398,0
2396,1
2393,1
2393,0
2392,1
2391,1
2391,0
2391,0
2389,0
2389,0
2389,0
2388,0
2387,1
2386,1
2386,1
2386,0
2384,1
2383,1
2383,0
2382,1
2380,0
2380,1
2380,0
2380,0
2379,0
2379,0
2378,1
2378,0
2377,1
2376,1
2375,1
2374,0
2374,0
2373,1
2370,0
2369,1
2369,1
2368,0
2368,1
2368,0
2367,0
2366,1
2365,0
2364,0
2363,0
2362,1
2361,0
2359,0
2359,1
2358,0
2358,0
2356,1
2356,1
2355,0
2354,0
2354,0
2353,0
2352,1
2352,0
2350,0
2349,1
2349,0
2348,0
2348,1
2346,1
2346,1
2344,0
2343,0
2342,0
2342,1
2342,0
2342,1
2342,0
2341,0
2341,0
2340,1
2340,1
2340,1
2340,1
2337,1
2336,1
2335,0
2334,0
2334,1
2333,0
2333,0
2333,1
2330,0
2330,1
2329,1
2328,0
2327,1
2327,1
2326,0
2326,1
2325,1
2324,0
2322,1
2321,0
2320,1
2320,1
2319,1
2319,1
2318,1
2318,0
2317,0
2314,1
2314,1
2314,1
2312,0
2312,1
2311,0
2311,0
2310,1
2310,1
2310,0
2310,0
2308,1
2304,0
2304,0
2303,1
2303,0
2302,0
2300,1
2300,1
2299,0
2299,1
2298,0
2298,1
2298,0
2297,0
2296,1
2295,1
2295,1
2294,0
2293,0
2293,0
2293,1
2292,0
2292,0
2291,0
2291,0
2290,0
2289,1
2287,0
2286,1
2285,1
2284,0
2283,0
2281,0
2280,0
2280,0
2279,1
2279,0
2273,0
2272,1
2270,1
2269,0
2269,1
2268,0
2267,0
2266,0
2266,1
2266,1
2265,1
2262,0
2261,1
2261,0
2258,1
2255,1
2254,1
2251,0
2251,0
2251,1
2248,0
2246,1
2245,0
2245,1
2242,1
2241,1
2241,0
2240,0
2240,1
2240,1
2239,1
2238,1
2238,0
2237,1
2237,1
2235,1
2233,1
2233,1
2232,0
2232,1
2228,0
2228,1
2227,1
2227,1
2227,1
2227,0
2226,1
2224,1
2221,0
2220,0
2220,0
2220,0
2219,1
2219,1
2219,1
2219,0
2218,1
2218,0
2217,0
2217,0
2217,0
2217,0
2217,0
2216,0
2216,1
2215,1
2214,0
2213,0
2212,0
2210,0
2209,0
2209,1
2208,1
2208,1
2207,1
2207,0
2207,0
2206,0
2205,1
2203,1
2203,1
2201,0
2200,0
2199,1
2197,0
2196,0
2195,0
2195,0
2195,0
2195,1
2194,1
2193,1
2193,1
2192,1
2191,0
2190,1
2189,1
2189,1
2188,0
2186,1
2184,1
2184,0
2183,0
2182,0
2181,0
2181,0
2178,0
2178,1
2177,1
2177,1
2176,0
2174,1
2173,1
2172,0
2169,1
2169,0
2168,1
2167,1
2166,0
2165,0
2165,1
2165,0
2164,0
2163,0
2161,1
2160,1
2160,0
2159,0
2159,0
2158,0
2158,1
2156,1
2155,0
2155,1
2154,1
2153,1
2153,0
2151,0
2150,0
2149,1
2149,1
2148,1
2148,1
2147,1
2146,1
2145,0
2145,1
2144,1
2143,0
2143,0
2142,1
2142,1
2140,0
2139,1
2139,1
2138,1
2137,1
2137,1
2136,0
2135,1
2134,1
2131,0
2130,0
2130,0
2130,1
2127,0
2127,1
2124,0
2124,1
2124,0
2122,1
2122,0
2122,1
2120,0
2120,1
2118,1
2117,0
2117,0
2116,0
2115,1
2114,0
2113,0
2113,1
2112,1
2111,1
2110,1
2110,0
2110,1
2109,1
2109,1
2108,1
2107,0
2107,1
2106,0
2105,0
2102,1
2101,0
2101,1
2098,0
2098,0
2098,1
2096,1
2096,0
2095,1
2095,1
2093,1
2092,1
2091,1
2087,1
2087,1
2086,0
2085,1
2085,0
2083,1
2082,1
2082,1
2081,0
2081,1
2076,1
2075,1
2074,0
2072,0
2072,1
2071,0
2070,0
2070,1
2069,0
2068,0
2066,1
2065,0
2065,0
2065,0
2064,0
2063,1
2062,1
2062,1
2062,1
2061,1
2061,1
2061,0
2060,1
2060,1
2060,1
2059,1
2059,1
2058,1
2057,1
2056,1
2055,0
2055,0
2054,1
2054,1
2054,1
2053,0
2052,1
2051,1
2050,1
2050,0
2050,1
2049,0
2049,0
2049,1
2046,1
2045,0
2043,1
2043,1
2043,0
2042,1
2042,0
2042,0
2041,0
2041,1
2041,1
2040,1
2039,1
2038,0
2038,1
2038,1
2037,0
2037,1
2036,1
2034,0
2034,0
2034,0
2033,0
2033,1
2031,1
2030,1
2030,1
2030,1
2029,1
2029,0
2028,1
2026,0
2025,1
2024,1
2024,0
2024,0
2022,1
2022,1
2021,0
2019,1
2019,1
2017,1
2015,1
2014,1
2012,0
2011,1
2011,1
2011,1
2010,1
2009,1
2007,1
2007,0
2006,1
2005,1
2005,0
2003,1
2002,1
2002,1
2000,1
2000,1
1998,0
1998,1
1996,1
1995,1
1994,1
1994,1
1992,1
1992,1
1990,0
1990,1
1990,1
1990,1
1989,1
1989,0
1989,0
1986,1
1984,1
1982,1
1980,0
1980,0
1980,1
1977,1
1976,1
1976,1
1975,1
1974,1
1974,1
1973,0
1971,0
1969,1
1968,0
1968,0
1968,0
1967,1
1967,1
1965,1
1965,1
1964,0
1964,0
1964,0
1961,0
1961,0
1961,1
1960,0
1959,1
1959,1
1958,0
1957,0
1957,0
1956,0
1954,1
1953,0
1953,1
1952,1
1952,0
1952,1
1952,1
1951,1
1951,1
1949,0
1949,0
1948,1
1946,1
1946,0
1945,1
1945,1
1944,1
1944,1
1944,1
1943,0
1942,1
1941,1
1939,0
1935,1
1934,0
1934,0
1934,0
1933,0
1933,1
1930,0
1930,0
1929,1
1929,1
1929,0
1929,0
1928,1
1927,1
1927,0
1925,1
1925,1
1924,0
1923,1
1922,1
1921,0
1921,1
1921,1
1921,0
1920,1
1919,1
1919,1
1919,1
1916,1
1916,1
1915,0
1914,0
1913,1
1911,1
1911,1
1911,0
1910,1
1909,1
1908,0
1907,1
1903,1
1902,0
1900,1
1899,1
1898,1
1895,1
1895,1
1895,0
1895,1
1894,0
1893,0
1893,1
1892,1
1892,0
1892,1
1891,1
1891,1
1890,0
1890,1
1890,1
1890,1
1887,1
1887,1
1887,1
1886,1
1886,1
1885,1
1883,1
1882,0
1882,0
1881,0
1879,1
1879,1
1877,1
1875,1
1875,1
1874,0
1873,0
1872,1
1872,1
1869,1
1869,0
1869,0
1868,1
1867,1
1866,0
1866,1
1864,1
1864,0
1863,1
1863,0
1862,1
1862,1
1862,0
1861,0
1859,1
1858,0
1858,1
1857,1
1857,0
1856,1
1856,0
1854,1
1853,1
1853,0
1851,1
1850,1
1849,0
1848,0
1847,0
1843,1
1843,1
1842,1
1842,1
1841,1
1840,0
1840,0
1838,0
1836,0
1836,0
1836,1
1835,1
1834,1
1834,0
1833,1
1833,1
1832,0
1831,1
1828,0
1827,1
1827,1
1827,1
1826,0
1826,0
1825,0
1824,1
1823,1
1822,1
1821,0
1820,1
1820,0
1820,1
1819,0
1818,1
1818,1
1817,1
1816,1
1815,0
1815,0
1815,0
1814,1
1814,0
1813,0
1813,0
1812,1
1811,1
1810,1
1810,1
1809,0
1807,1
1806,1
1805,1
1805,1
1803,0
1800,0
1799,0
1798,1
1798,1
1798,0
1798,1
1795,0
1794,0
1794,1
1793,1
1791,1
1789,1
1789,1
1788,0
1786,0
1784,1
1784,0
1784,1
1781,1
1781,0
1780,1
1779,1
1779,0
1778,0
1777,0
1776,0
1775,1
1775,1
1775,1
1775,0
1773,1
1773,1
1772,1
1772,1
1769,0
1767,1
1766,0
1766,0
1765,1
1761,1
1760,0
1758,1
1757,1
1757,0
1757,1
1757,1
1756,1
1755,0
1755,0
1754,1
1754,0
1753,1
1753,1
1751,0
1751,1
1751,0
1750,0
1749,1
1749,0
1748,1
1748,0
1746,1
1745,0
1743,0
1743,0
1742,0
1742,1
1740,0
1740,1
1740,1
1739,1
1739,1
1738,0
1738,1
1738,1
1737,1
1737,0
1737,1
1734,0
1733,0
1732,0
1731,1
1731,1
1730,1
1727,1
1727,1
1727,0
1726,1
1726,1
1726,1
1725,0
1724,0
1724,1
1724,1
1724,1
1723,1
1723,0
1722,0
1721,1
1720,0
1720,1
1719,0
1719,0
1716,0
1715,0
1715,0
1714,1
1714,1
1714,1
1712,1
1711,1
1711,1
1708,0
1707,0
1707,1
1707,1
1706,1
1705,1
1704,1
1704,1
1703,0
1701,1
1700,0
1700,0
1699,1
1699,0
1698,1
1697,1
1697,1
1695,1
1691,0
1691,1
1690,0
1690,1
1690,0
1690,1
1688,0
1688,1
1687,0
1686,0
1686,1
1686,1
1685,1
1685,1
1682,1
1681,1
1679,0
1679,1
1678,1
1677,1
1675,1
1674,0
1673,1
1671,1
1670,0
1669,0
1668,1
1668,1
1667,1
1667,1
1667,1
1667,1
1667,0
1665,1
1664,0
1663,1
1662,1
1662,1
1661,1
1658,0
1657,0
1657,1
1656,0
1656,1
1655,0
1655,0
1655,1
1655,0
1654,0
1653,1
1652,0
1651,1
1650,0
1649,1
1648,0
1648,0
1647,1
1647,1
1646,1
1644,1
1641,1
1641,1
1637,0
1636,1
1634,0
1632,0
1631,0
1630,0
1630,1
1627,1
1626,0
1625,1
1624,1
1623,0
1622,1
1621,1
1621,1
1619,1
1617,1
1617,1
1616,1
1615,0
1611,1
1609,1
1605,1
1604,0
1603,1
1602,1
1600,0
1599,0
1598,1
1596,0
1595,0
1594,1
1594,1
1594,0
1594,1
1593,0
1592,0
1592,0
1591,0
1591,1
1590,1
1588,1
1587,0
1587,1
1586,1
1585,1
1585,1
1584,0
1584,0
1583,0
1582,1
1579,0
1579,0
1579,1
1579,0
1578,0
1578,0
1576,1
1576,0
1575,1
1574,1
1574,0
1572,1
1572,1
1571,0
1570,1
1570,1
1570,1
1569,1
1569,1
1569,1
1567,1
1567,0
1564,1
1563,1
1562,0
1562,1
1561,1
1561,1
1560,1
1559,1
1558,0
1554,1
1554,1
1553,0
1553,1
1553,1
1552,1
1552,0
1551,1
1551,0
1550,1
1549,1
1548,1
1548,1
1548,1
1546,1
1543,0
1539,1
1538,0
1537,1
1535,0
1530,1
1530,1
1529,1
1529,1
1529,1
1528,1
1527,0
1527,1
1525,1
1523,1
1523,0
1522,0
1520,1
1520,1
1520,1
1519,0
1519,1
1519,1
1518,1
1518,1
1518,0
1518,1
1517,1
1514,1
1514,1
1514,1
1512,0
1512,0
1512,0
1510,0
1510,1
1508,1
1508,1
1506,1
1506,1
1506,1
1506,1
1505,1
1503,1
1503,1
1502,1
1501,1
1501,0
1499,1
1499,1
1498,1
1498,1
1497,1
1495,1
1493,1
1491,0
1490,1
1488,0
1486,0
1486,0
1483,0
1483,0
1480,0
1479,0
1479,1
1477,1
1477,1
1476,1
1474,1
1473,0
1473,1
1472,1
1472,1
1472,1
1471,1
1469,0
1469,1
1469,1
1468,0
1467,0
1467,0
1466,1
1463,0
1461,0
1460,1
1457,1
1454,1
1453,1
1451,0
1451,1
1449,1
1446,1
1446,1
1445,0
1444,1
1443,0
1442,1
1442,1
1441,1
1440,1
1438,0
1437,1
1437,0
1437,1
1437,1
1436,1
1434,0
1432,0
1432,0
1429,0
1429,1
1427,1
1424,0
1423,1
1423,1
1422,1
1421,1
1421,0
1421,1
1421,1
1419,1
1419,0
1419,1
1419,1
1418,0
1418,1
1418,0
1417,1
1417,1
1416,1
1416,0
1416,1
1415,0
1415,1
1414,0
1414,1
1414,1
1413,0
1412,1
1411,1
1410,1
1409,1
1409,1
1408,0
1408,1
1404,1
1403,1
1403,1
1402,1
1402,0
1398,0
1398,0
1396,1
1396,0
1396,1
1394,0
1394,0
1392,1
1392,0
1391,1
1391,1
1391,1
1391,1
1390,1
1389,0
1389,1
1388,1
1388,1
1387,0
1387,1
1387,1
1385,1
1385,1
1383,0
1383,1
1380,1
1379,1
1378,1
1378,0
1376,1
1373,1
1373,1
1372,1
1372,1
1371,1
1371,0
1371,1
1369,1
1369,1
1368,1
1367,0
1366,0
1366,0
1366,1
1363,1
1362,1
1360,0
1360,0
1360,1
1359,1
1358,1
1357,1
1356,1
1355,0
1355,1
1355,1
1352,1
1352,0
1352,1
1351,1
1351,1
1348,1
1348,1
1347,1
1346,1
1346,1
1343,0
1342,0
1341,0
1340,1
1340,1
1339,1
1339,0
1338,1
1338,0
1338,0
1337,1
1336,1
1335,0
1335,1
1335,1
1334,1
1333,0
1333,1
1333,1
1331,0
1331,1
1327,1
1326,0
1326,1
1325,0
1324,1
1324,1
1323,1
1322,1
1321,1
1321,1
1320,1
1319,0
1319,1
1318,1
1316,1
1315,1
1315,0
1315,1
1315,1
1315,1
1315,1
1314,0
1313,1
1312,1
1311,1
1309,1
1308,1
1307,1
1307,0
1307,0
1306,1
1306,0
1305,1
1305,1
1305,1
1303,0
1302,1
1301,0
1301,1
1300,1
1299,1
1299,0
1297,1
1295,0
1295,1
1294,1
1294,1
1293,1
1293,1
1292,1
1290,0
1289,1
1288,0
1288,0
1287,1
1286,0
1286,0
1286,1
1285,1
1284,1
1283,0
1283,1
1280,1
1280,1
1279,1
1278,1
1278,1
1277,0
1274,1
1274,0
1273,1
1273,0
1272,1
1272,1
1268,0
1267,1
1264,1
1264,1
1264,0
1263,0
1263,1
1262,1
1261,1
1261,0
1261,1
1256,0
1256,0
1256,1
1255,1
1251,1
1249,1
1246,1
1245,1
1244,1
1243,0
1241,1
1241,1
1240,1
1240,1
1240,1
1239,0
1238,1
1238,1
1238,1
1238,1
1237,0
1236,1
1236,1
1235,1
1234,1
1233,0
1233,0
1232,1
1232,1
1230,1
1229,1
1226,0
1224,0
1224,1
1222,1
1219,1
1218,0
1218,1
1218,1
1217,1
1212,1
1212,1
1212,1
1211,1
1210,1
1210,0
1210,0
1210,1
1210,1
1209,1
1208,1
1208,1
1208,0
1207,1
1207,0
1205,1
1204,0
1203,1
1202,1
1201,0
1201,0
1201,0
1200,1
1200,1
1200,0
1199,1
1199,1
1199,1
1198,1
1198,0
1196,0
1194,1
1194,1
1191,1
1190,0
1190,0
1188,1
1186,1
1185,0
1184,0
1182,1
1182,1
1182,1
1181,0
1180,1
1178,1
1177,1
1177,1
1176,1
1176,1
1175,1
1175,1
1174,1
1174,1
1173,0
1173,1
1170,1
1170,1
1170,1
1168,1
1167,1
1167,1
1167,0
1166,1
1165,0
1165,1
1165,1
1164,1
1164,0
1163,0
1163,1
1163,1
1160,1
1156,1
1156,0
1156,0
1156,0
1156,1
1153,1
1152,1
1151,1
1150,1
1149,1
1149,0
1149,1
1148,1
1148,1
1145,1
1144,0
1141,1
1140,0
1138,1
1137,0
1137,1
1136,1
1134,0
1134,1
1134,1
1133,1
1133,0
1132,1
1130,1
1129,1
1129,1
1128,1
1128,1
1126,1
1126,0
1126,1
1126,1
1125,1
1124,1
1124,0
1124,1
1124,1
1124,0
1123,1
1123,1
1122,1
1121,0
1121,0
1121,1
1119,1
1118,1
1118,1
1117,1
1117,1
1116,1
1116,1
1116,1
1116,0
1115,1
1114,0
1113,1
1112,1
1112,1
1111,1
1111,1
1109,0
1108,1
1106,1
1105,1
1105,1
1101,1
1101,1
1099,1
1098,1
1098,0
1098,1
1098,1
1098,0
1098,1
1097,1
1096,1
1096,1
1096,0
1093,1
1093,1
1092,1
1092,1
1091,1
1090,1
1089,1
1087,1
1087,1
1087,0
1086,1
1086,1
1085,0
1085,1
1084,1
1083,1
1083,1
1083,1
1082,1
1082,1
1078,1
1077,0
1077,1
1077,1
1076,1
1075,0
1074,1
1073,1
1073,0
1072,0
1072,0
1070,1
1069,1
1068,1
1068,1
1067,1
1067,1
1067,1
1063,1
1063,0
1061,1
1059,1
1059,1
1058,0
1058,0
1056,1
1056,0
1056,1
1054,1
1054,0
1053,1
1053,0
1051,0
1050,1
1050,1
1050,1
1049,1
1049,1
1049,1
1048,0
1048,1
1046,0
1045,0
1045,1
1045,1
1044,1
1044,1
1043,1
1042,1
1041,0
1040,1
1039,1
1039,1
1037,1
1036,1
1035,1
1034,1
1034,1
1034,1
1033,1
1032,1
1031,1
1030,1
1029,1
1029,0
1029,1
1028,1
1027,0
1026,1
1026,0
1026,0
1025,1
1024,1
1024,1
1024,1
1023,1
1022,0
1021,1
1018,1
1016,1
1015,1
1009,1
1009,1
1008,0
1007,1
1006,1
1005,0
1005,1
1004,1
1003,1
1002,0
1002,1
1000,0
1000,1
998,1
998,1
997,1
996,0
996,1
996,1
995,1
995,1
995,0
995,1
994,0
993,1
992,1
990,1
990,1
988,0
988,1
988,1
987,1
987,0
985,1
984,1
982,1
979,1
978,1
978,1
976,1
974,1
974,1
973,1
973,1
973,1
973,1
973,1
972,1
970,1
970,1
970,1
969,1
968,1
968,1
967,0
966,1
964,1
964,1
963,1
962,0
961,1
961,1
961,1
960,1
955,0
953,1
953,1
953,0
952,0
951,1
951,1
949,1
949,0
949,1
948,1
947,0
946,0
944,1
944,1
942,1
942,1
940,0
940,0
939,1
939,1
938,1
936,1
936,1
936,1
934,0
934,1
933,1
933,1
932,1
932,1
932,1
931,1
931,1
931,1
931,1
931,1
930,1
930,1
930,0
930,1
929,1
928,1
927,1
925,1
925,0
925,1
925,1
922,1
921,1
920,1
918,0
918,0
917,1
915,1
915,0
914,1
914,1
914,1
914,1
911,1
909,1
907,1
906,1
906,1
906,1
906,1
902,1
901,0
899,1
896,1
894,0
893,1
892,1
891,1
889,1
888,1
885,1
885,1
884,1
884,1
882,1
881,1
881,0
880,1
880,0
879,1
878,0
877,1
877,0
876,1
875,0
875,0
874,1
873,1
871,0
871,0
871,1
870,1
870,1
869,1
867,1
864,1
863,1
863,1
862,1
862,1
861,1
859,0
859,1
858,1
858,1
858,1
857,1
856,1
855,1
855,1
855,1
854,0
854,1
854,1
853,1
853,1
851,1
850,1
848,0
848,1
848,1
847,0
845,0
843,1
843,1
841,1
840,1
840,0
840,0
840,1
839,1
838,1
837,1
836,0
835,1
835,1
833,0
833,1
831,1
829,0
828,1
828,1
828,1
826,1
826,1
822,0
821,1
820,0
820,1
820,1
818,1
818,1
818,1
818,1
817,1
817,1
817,0
816,0
815,0
814,1
814,0
813,0
812,1
810,1
809,0
809,1
808,1
808,1
805,1
804,0
804,0
803,0
801,1
801,1
801,1
800,1
799,1
799,1
799,1
796,1
795,1
794,0
794,0
791,1
790,1
790,0
789,0
788,1
787,0
787,1
786,1
786,0
786,1
785,1
784,1
783,0
781,0
781,1
779,1
778,1
777,1
776,1
776,1
774,0
774,1
772,1
770,0
769,1
769,1
767,1
767,1
767,0
766,1
765,1
762,1
762,1
761,0
760,1
760,1
759,0
758,0
756,0
755,0
752,0
751,1
750,1
749,1
748,1
748,1
747,1
746,1
745,1
745,0
743,1
741,1
741,0
740,1
739,1
739,1
737,0
734,1
734,1
731,0
731,1
730,1
730,1
729,1
728,1
727,1
725,1
725,1
722,1
719,1
719,1
719,1
718,1
718,1
714,1
714,1
711,1
708,1
707,1
705,1
705,1
705,1
704,1
703,0
703,1
702,1
700,1
699,0
698,1
694,1
692,1
690,0
690,1
689,1
686,1
686,1
684,1
680,1
678,1
677,1
676,1
673,1
669,1
669,1
666,1
663,1
663,0
663,0
662,1
662,1
657,1
656,1
653,1
653,0
653,0
652,1
651,1
650,1
650,1
649,1
647,1
645,0
644,1
643,1
643,1
640,1
636,1
633,0
633,0
632,1
631,1
630,1
627,1
627,1
624,1
621,1
621,1
621,0
621,1
619,1
616,1
614,1
612,1
611,1
609,1
608,1
603,1
602,1
601,1
597,1
592,1
588,0
587,1
586,1
585,1
584,1
581,1
580,1
571,1
569,1
569,1
569,1
564,0
563,1
562,1
560,0
559,1
558,0
555,0
555,1
554,1
543,1
540,1
539,1
538,1
534,1
534,1
531,1
530,1
530,1
529,1
525,1
520,1
518,1
516,1
516,1
515,1
511,1
510,1
504,1
501,1
500,1
498,0
497,1
495,1
490,1
488,1
487,0
486,0
486,1
485,1
484,1
484,1
483,1
481,1
479,1
478,0
477,1
475,0
475,1
475,1
471,0
470,0
470,1
468,1
467,1
465,1
464,0
463,1
462,1
462,1
462,1
460,1
456,0
456,1
453,1
453,1
452,1
450,1
444,1
443,1
441,1
441,1
441,0
441,1
441,0
438,0
435,1
429,1
426,1
423,0
420,1
420,1
419,0
417,1
415,1
411,1
410,1
408,1
408,1
408,1
408,0
405,1
403,0
402,1
401,1
396,1
395,0
395,1
395,1
395,1
394,1
393,1
390,1
388,1
387,1
385,0
382,1
381,1
380,1
378,1
378,1
377,0
369,1
366,1
363,1
363,0
363,0
362,1
355,1
354,0
352,1
351,1
347,0
347,1
346,1
345,1
345,1
345,1
343,1
342,1
342,1
342,0
339,1
339,0
339,1
339,1
339,1
337,1
336,1
333,1
330,0
327,1
327,1
324,1
324,1
321,1
321,1
321,1
320,1
319,1
319,0
319,1
318,1
318,1
316,0
315,1
312,1
309,1
309,1
306,1
306,1
306,1
306,1
306,1
306,1
304,1
303,1
303,1
301,1
301,0
300,1
300,1
297,1
297,1
297,1
297,1
296,1
294,1
294,1
294,1
288,1
285,1
285,1
282,1
282,1
282,1
276,1
273,1
267,1
267,1
267,1
265,1
249,1
246,1
246,1
246,1
246,1
243,1
243,1
240,0
237,1
231,1
228,1
228,1
225,1
222,1
222,1
219,1
